freq,s11_real,s11_imag,s21_real,s21_imag,s22_real,s22_imag,a,b,a2_1,a2_2,a2_3,a2_4,a2_5,a2_6,a2_7,a2_8,a2_9,a2_10,a2_11,a2_12,a2_13,a2_14,a2_15,l_1,l_2,l_3,l_4,l_5,l_6,l_7,l_8,l_9,l_10,l_11,l_12,l_13,l_14,l_15,order
14.85117057,0.20907311,0.97789983,0.00059052965,-0.00012625411,0.20907311,0.97789983,15.799,7.899,7.9840382878341,5.441095858097574,4.858944722446635,4.734872810284809,0.0,0.0,0.0,0.0,0.0,0.0,0.0,0.0,0.0,0.0,0.0,8.992864840401984,10.273858356530344,10.503246364805124,10.536410887683532,0.0,0.0,0.0,0.0,0.0,0.0,0.0,0.0,0.0,0.0,0.0,7
14.86287625,0.2241058,0.9745646,0.00064519828,-0.00014836644,0.2241058,0.9745646,15.799,7.899,7.9840382878341,5.441095858097574,4.858944722446635,4.734872810284809,0.0,0.0,0.0,0.0,0.0,0.0,0.0,0.0,0.0,0.0,0.0,8.992864840401984,10.273858356530344,10.503246364805124,10.536410887683532,0.0,0.0,0.0,0.0,0.0,0.0,0.0,0.0,0.0,0.0,0.0,7
14.87458194,0.23945789,0.97090648,0.00070545964,-0.00017398986,0.23945789,0.97090648,15.799,7.899,7.9840382878341,5.441095858097574,4.858944722446635,4.734872810284809,0.0,0.0,0.0,0.0,0.0,0.0,0.0,0.0,0.0,0.0,0.0,8.992864840401984,10.273858356530344,10.503246364805124,10.536410887683532,0.0,0.0,0.0,0.0,0.0,0.0,0.0,0.0,0.0,0.0,0.0,7
14.88628763,0.25513792,0.96690434,0.00077193641,-0.00020369156,0.25513792,0.96690434,15.799,7.899,7.9840382878341,5.441095858097574,4.858944722446635,4.734872810284809,0.0,0.0,0.0,0.0,0.0,0.0,0.0,0.0,0.0,0.0,0.0,8.992864840401984,10.273858356530344,10.503246364805124,10.536410887683532,0.0,0.0,0.0,0.0,0.0,0.0,0.0,0.0,0.0,0.0,0.0,7
14.89799331,0.27115454,0.96253543,0.00084532514,-0.00023813539,0.27115454,0.96253543,15.799,7.899,7.9840382878341,5.441095858097574,4.858944722446635,4.734872810284809,0.0,0.0,0.0,0.0,0.0,0.0,0.0,0.0,0.0,0.0,0.0,8.992864840401984,10.273858356530344,10.503246364805124,10.536410887683532,0.0,0.0,0.0,0.0,0.0,0.0,0.0,0.0,0.0,0.0,0.0,7
14.909699,0.28751645,0.95777521,0.00092640521,-0.00027809943,0.28751645,0.95777521,15.799,7.899,7.9840382878341,5.441095858097574,4.858944722446635,4.734872810284809,0.0,0.0,0.0,0.0,0.0,0.0,0.0,0.0,0.0,0.0,0.0,8.992864840401984,10.273858356530344,10.503246364805124,10.536410887683532,0.0,0.0,0.0,0.0,0.0,0.0,0.0,0.0,0.0,0.0,0.0,7
14.92140468,0.30423244,0.95259723,0.0010160489,-0.0003244971,0.30423244,0.95259723,15.799,7.899,7.9840382878341,5.441095858097574,4.858944722446635,4.734872810284809,0.0,0.0,0.0,0.0,0.0,0.0,0.0,0.0,0.0,0.0,0.0,8.992864840401984,10.273858356530344,10.503246364805124,10.536410887683532,0.0,0.0,0.0,0.0,0.0,0.0,0.0,0.0,0.0,0.0,0.0,7
14.93311037,0.32131126,0.94697291,0.0011152326,-0.00037840238,0.32131126,0.94697291,15.799,7.899,7.9840382878341,5.441095858097574,4.858944722446635,4.734872810284809,0.0,0.0,0.0,0.0,0.0,0.0,0.0,0.0,0.0,0.0,0.0,8.992864840401984,10.273858356530344,10.503246364805124,10.536410887683532,0.0,0.0,0.0,0.0,0.0,0.0,0.0,0.0,0.0,0.0,0.0,7
14.94481605,0.33876163,0.94087133,0.0012250491,-0.00044108012,0.33876163,0.94087133,15.799,7.899,7.9840382878341,5.441095858097574,4.858944722446635,4.734872810284809,0.0,0.0,0.0,0.0,0.0,0.0,0.0,0.0,0.0,0.0,0.0,8.992864840401984,10.273858356530344,10.503246364805124,10.536410887683532,0.0,0.0,0.0,0.0,0.0,0.0,0.0,0.0,0.0,0.0,0.0,7
14.95652174,0.35659213,0.93425905,0.0013467212,-0.00051402251,0.35659213,0.93425905,15.799,7.899,7.9840382878341,5.441095858097574,4.858944722446635,4.734872810284809,0.0,0.0,0.0,0.0,0.0,0.0,0.0,0.0,0.0,0.0,0.0,8.992864840401984,10.273858356530344,10.503246364805124,10.536410887683532,0.0,0.0,0.0,0.0,0.0,0.0,0.0,0.0,0.0,0.0,0.0,7
14.96822742,0.37481116,0.9270998,0.0014816165,-0.00059899311,0.37481116,0.9270998,15.799,7.899,7.9840382878341,5.441095858097574,4.858944722446635,4.734872810284809,0.0,0.0,0.0,0.0,0.0,0.0,0.0,0.0,0.0,0.0,0.0,8.992864840401984,10.273858356530344,10.503246364805124,10.536410887683532,0.0,0.0,0.0,0.0,0.0,0.0,0.0,0.0,0.0,0.0,0.0,7
14.97993311,0.39342679,0.91935424,0.0016312637,-0.00069808003,0.39342679,0.91935424,15.799,7.899,7.9840382878341,5.441095858097574,4.858944722446635,4.734872810284809,0.0,0.0,0.0,0.0,0.0,0.0,0.0,0.0,0.0,0.0,0.0,8.992864840401984,10.273858356530344,10.503246364805124,10.536410887683532,0.0,0.0,0.0,0.0,0.0,0.0,0.0,0.0,0.0,0.0,0.0,7
14.9916388,0.41244669,0.9109796,0.0017973695,-0.00081376039,0.41244669,0.9109796,15.799,7.899,7.9840382878341,5.441095858097574,4.858944722446635,4.734872810284809,0.0,0.0,0.0,0.0,0.0,0.0,0.0,0.0,0.0,0.0,0.0,8.992864840401984,10.273858356530344,10.503246364805124,10.536410887683532,0.0,0.0,0.0,0.0,0.0,0.0,0.0,0.0,0.0,0.0,0.0,7
15.55351171,0.016544014,-0.03033026,0.87736861,0.47857151,0.016544014,-0.03033026,15.799,7.899,7.9840382878341,5.441095858097574,4.858944722446635,4.734872810284809,0.0,0.0,0.0,0.0,0.0,0.0,0.0,0.0,0.0,0.0,0.0,8.992864840401984,10.273858356530344,10.503246364805124,10.536410887683532,0.0,0.0,0.0,0.0,0.0,0.0,0.0,0.0,0.0,0.0,0.0,7
15.56521739,0.0058753404,-0.017079313,0.94545868,0.32524093,0.0058753404,-0.017079313,15.799,7.899,7.9840382878341,5.441095858097574,4.858944722446635,4.734872810284809,0.0,0.0,0.0,0.0,0.0,0.0,0.0,0.0,0.0,0.0,0.0,8.992864840401984,10.273858356530344,10.503246364805124,10.536410887683532,0.0,0.0,0.0,0.0,0.0,0.0,0.0,0.0,0.0,0.0,0.0,7
15.57692308,9.8465036e-05,-0.00058064888,0.9859244,0.16719068,9.8465036e-05,-0.00058064888,15.799,7.899,7.9840382878341,5.441095858097574,4.858944722446635,4.734872810284809,0.0,0.0,0.0,0.0,0.0,0.0,0.0,0.0,0.0,0.0,0.0,8.992864840401984,10.273858356530344,10.503246364805124,10.536410887683532,0.0,0.0,0.0,0.0,0.0,0.0,0.0,0.0,0.0,0.0,0.0,7
15.58862876,-0.00014663525,0.01636258,0.99982597,0.0089600615,-0.00014663525,0.01636258,15.799,7.899,7.9840382878341,5.441095858097574,4.858944722446635,4.734872810284809,0.0,0.0,0.0,0.0,0.0,0.0,0.0,0.0,0.0,0.0,0.0,8.992864840401984,10.273858356530344,10.503246364805124,10.536410887683532,0.0,0.0,0.0,0.0,0.0,0.0,0.0,0.0,0.0,0.0,0.0,7
15.60033445,0.0046108809,0.031348566,0.98885873,-0.14544556,0.0046108809,0.031348566,15.799,7.899,7.9840382878341,5.441095858097574,4.858944722446635,4.734872810284809,0.0,0.0,0.0,0.0,0.0,0.0,0.0,0.0,0.0,0.0,0.0,8.992864840401984,10.273858356530344,10.503246364805124,10.536410887683532,0.0,0.0,0.0,0.0,0.0,0.0,0.0,0.0,0.0,0.0,0.0,7
15.61204013,0.013069918,0.042657378,0.9551755,-0.292659,0.013069918,0.042657378,15.799,7.899,7.9840382878341,5.441095858097574,4.858944722446635,4.734872810284809,0.0,0.0,0.0,0.0,0.0,0.0,0.0,0.0,0.0,0.0,0.0,8.992864840401984,10.273858356530344,10.503246364805124,10.536410887683532,0.0,0.0,0.0,0.0,0.0,0.0,0.0,0.0,0.0,0.0,0.0,7
15.62374582,0.02354446,0.049348495,0.90118941,-0.42996283,0.02354446,0.049348495,15.799,7.899,7.9840382878341,5.441095858097574,4.858944722446635,4.734872810284809,0.0,0.0,0.0,0.0,0.0,0.0,0.0,0.0,0.0,0.0,0.0,8.992864840401984,10.273858356530344,10.503246364805124,10.536410887683532,0.0,0.0,0.0,0.0,0.0,0.0,0.0,0.0,0.0,0.0,0.0,7
15.63545151,0.034289718,0.051222658,0.82941074,-0.55522813,0.034289718,0.051222658,15.799,7.899,7.9840382878341,5.441095858097574,4.858944722446635,4.734872810284809,0.0,0.0,0.0,0.0,0.0,0.0,0.0,0.0,0.0,0.0,0.0,8.992864840401984,10.273858356530344,10.503246364805124,10.536410887683532,0.0,0.0,0.0,0.0,0.0,0.0,0.0,0.0,0.0,0.0,0.0,7
15.64715719,0.043744592,0.048699148,0.74234106,-0.66681674,0.043744592,0.048699148,15.799,7.899,7.9840382878341,5.441095858097574,4.858944722446635,4.734872810284809,0.0,0.0,0.0,0.0,0.0,0.0,0.0,0.0,0.0,0.0,0.0,8.992864840401984,10.273858356530344,10.503246364805124,10.536410887683532,0.0,0.0,0.0,0.0,0.0,0.0,0.0,0.0,0.0,0.0,0.0,7
15.65886288,0.050689025,0.042651814,0.64242391,-0.76348082,0.050689025,0.042651814,15.799,7.899,7.9840382878341,5.441095858097574,4.858944722446635,4.734872810284809,0.0,0.0,0.0,0.0,0.0,0.0,0.0,0.0,0.0,0.0,0.0,8.992864840401984,10.273858356530344,10.503246364805124,10.536410887683532,0.0,0.0,0.0,0.0,0.0,0.0,0.0,0.0,0.0,0.0,0.0,7
15.67056856,0.05432662,0.034234716,0.53203708,-0.84428263,0.05432662,0.034234716,15.799,7.899,7.9840382878341,5.441095858097574,4.858944722446635,4.734872810284809,0.0,0.0,0.0,0.0,0.0,0.0,0.0,0.0,0.0,0.0,0.0,8.992864840401984,10.273858356530344,10.503246364805124,10.536410887683532,0.0,0.0,0.0,0.0,0.0,0.0,0.0,0.0,0.0,0.0,0.0,7
15.68227425,0.054306804,0.0247167,0.4135064,-0.90854406,0.054306804,0.0247167,15.799,7.899,7.9840382878341,5.441095858097574,4.858944722446635,4.734872810284809,0.0,0.0,0.0,0.0,0.0,0.0,0.0,0.0,0.0,0.0,0.0,8.992864840401984,10.273858356530344,10.503246364805124,10.536410887683532,0.0,0.0,0.0,0.0,0.0,0.0,0.0,0.0,0.0,0.0,0.0,7
15.69397993,0.050700338,0.01533613,0.28912352,-0.95582523,0.050700338,0.01533613,15.799,7.899,7.9840382878341,5.441095858097574,4.858944722446635,4.734872810284809,0.0,0.0,0.0,0.0,0.0,0.0,0.0,0.0,0.0,0.0,0.0,8.992864840401984,10.273858356530344,10.503246364805124,10.536410887683532,0.0,0.0,0.0,0.0,0.0,0.0,0.0,0.0,0.0,0.0,0.0,7
15.70568562,0.043940112,0.007182232,0.1611543,-0.98592443,0.043940112,0.007182232,15.799,7.899,7.9840382878341,5.441095858097574,4.858944722446635,4.734872810284809,0.0,0.0,0.0,0.0,0.0,0.0,0.0,0.0,0.0,0.0,0.0,8.992864840401984,10.273858356530344,10.503246364805124,10.536410887683532,0.0,0.0,0.0,0.0,0.0,0.0,0.0,0.0,0.0,0.0,0.0,7
15.7173913,0.034737689,0.0011069927,0.031831783,-0.99888879,0.034737689,0.0011069927,15.799,7.899,7.9840382878341,5.441095858097574,4.858944722446635,4.734872810284809,0.0,0.0,0.0,0.0,0.0,0.0,0.0,0.0,0.0,0.0,0.0,8.992864840401984,10.273858356530344,10.503246364805124,10.536410887683532,0.0,0.0,0.0,0.0,0.0,0.0,0.0,0.0,0.0,0.0,0.0,7
15.72909699,0.02398543,-0.0023301992,-0.096667285,-0.99502498,0.02398543,-0.0023301992,15.799,7.899,7.9840382878341,5.441095858097574,4.858944722446635,4.734872810284809,0.0,0.0,0.0,0.0,0.0,0.0,0.0,0.0,0.0,0.0,0.0,8.992864840401984,10.273858356530344,10.503246364805124,10.536410887683532,0.0,0.0,0.0,0.0,0.0,0.0,0.0,0.0,0.0,0.0,0.0,7
15.74080268,0.012653842,-0.0028848248,-0.22225819,-0.97490146,0.012653842,-0.0028848248,15.799,7.899,7.9840382878341,5.441095858097574,4.858944722446635,4.734872810284809,0.0,0.0,0.0,0.0,0.0,0.0,0.0,0.0,0.0,0.0,0.0,8.992864840401984,10.273858356530344,10.503246364805124,10.536410887683532,0.0,0.0,0.0,0.0,0.0,0.0,0.0,0.0,0.0,0.0,0.0,7
15.75250836,0.0016934424,-0.00061834356,-0.34298967,-0.93933745,0.0016934424,-0.00061834356,15.799,7.899,7.9840382878341,5.441095858097574,4.858944722446635,4.734872810284809,0.0,0.0,0.0,0.0,0.0,0.0,0.0,0.0,0.0,0.0,0.0,8.992864840401984,10.273858356530344,10.503246364805124,10.536410887683532,0.0,0.0,0.0,0.0,0.0,0.0,0.0,0.0,0.0,0.0,0.0,7
15.76421405,-0.0080506177,0.0041375068,-0.45708369,-0.88937763,-0.0080506177,0.0041375068,15.799,7.899,7.9840382878341,5.441095858097574,4.858944722446635,4.734872810284809,0.0,0.0,0.0,0.0,0.0,0.0,0.0,0.0,0.0,0.0,0.0,8.992864840401984,10.273858356530344,10.503246364805124,10.536410887683532,0.0,0.0,0.0,0.0,0.0,0.0,0.0,0.0,0.0,0.0,0.0,7
15.77591973,-0.015904897,0.010836768,-0.56296717,-0.82625515,-0.015904897,0.010836768,15.799,7.899,7.9840382878341,5.441095858097574,4.858944722446635,4.734872810284809,0.0,0.0,0.0,0.0,0.0,0.0,0.0,0.0,0.0,0.0,0.0,8.992864840401984,10.273858356530344,10.503246364805124,10.536410887683532,0.0,0.0,0.0,0.0,0.0,0.0,0.0,0.0,0.0,0.0,0.0,7
15.78762542,-0.021411282,0.018787953,-0.65929172,-0.75134745,-0.021411282,0.018787953,15.799,7.899,7.9840382878341,5.441095858097574,4.858944722446635,4.734872810284809,0.0,0.0,0.0,0.0,0.0,0.0,0.0,0.0,0.0,0.0,0.0,8.992864840401984,10.273858356530344,10.503246364805124,10.536410887683532,0.0,0.0,0.0,0.0,0.0,0.0,0.0,0.0,0.0,0.0,0.0,7
15.7993311,-0.024346996,0.027227465,-0.74494005,-0.66613077,-0.024346996,0.027227465,15.799,7.899,7.9840382878341,5.441095858097574,4.858944722446635,4.734872810284809,0.0,0.0,0.0,0.0,0.0,0.0,0.0,0.0,0.0,0.0,0.0,8.992864840401984,10.273858356530344,10.503246364805124,10.536410887683532,0.0,0.0,0.0,0.0,0.0,0.0,0.0,0.0,0.0,0.0,0.0,7
15.81103679,-0.024722616,0.035390618,-0.81902026,-0.57213819,-0.024722616,0.035390618,15.799,7.899,7.9840382878341,5.441095858097574,4.858944722446635,4.734872810284809,0.0,0.0,0.0,0.0,0.0,0.0,0.0,0.0,0.0,0.0,0.0,8.992864840401984,10.273858356530344,10.503246364805124,10.536410887683532,0.0,0.0,0.0,0.0,0.0,0.0,0.0,0.0,0.0,0.0,0.0,7
15.82274247,-0.022761502,0.042574705,-0.88085122,-0.47092509,-0.022761502,0.042574705,15.799,7.899,7.9840382878341,5.441095858097574,4.858944722446635,4.734872810284809,0.0,0.0,0.0,0.0,0.0,0.0,0.0,0.0,0.0,0.0,0.0,8.992864840401984,10.273858356530344,10.503246364805124,10.536410887683532,0.0,0.0,0.0,0.0,0.0,0.0,0.0,0.0,0.0,0.0,0.0,7
15.83444816,-0.018865027,0.048190338,-0.92994292,-0.3640439,-0.018865027,0.048190338,15.799,7.899,7.9840382878341,5.441095858097574,4.858944722446635,4.734872810284809,0.0,0.0,0.0,0.0,0.0,0.0,0.0,0.0,0.0,0.0,0.0,8.992864840401984,10.273858356530344,10.503246364805124,10.536410887683532,0.0,0.0,0.0,0.0,0.0,0.0,0.0,0.0,0.0,0.0,0.0,7
15.84615385,-0.013568254,0.051799034,-0.96597597,-0.25302802,-0.013568254,0.051799034,15.799,7.899,7.9840382878341,5.441095858097574,4.858944722446635,4.734872810284809,0.0,0.0,0.0,0.0,0.0,0.0,0.0,0.0,0.0,0.0,0.0,8.992864840401984,10.273858356530344,10.503246364805124,10.536410887683532,0.0,0.0,0.0,0.0,0.0,0.0,0.0,0.0,0.0,0.0,0.0,7
15.85785953,-0.0074903584,0.053136438,-0.98878342,-0.13938349,-0.0074903584,0.053136438,15.799,7.899,7.9840382878341,5.441095858097574,4.858944722446635,4.734872810284809,0.0,0.0,0.0,0.0,0.0,0.0,0.0,0.0,0.0,0.0,0.0,8.992864840401984,10.273858356530344,10.503246364805124,10.536410887683532,0.0,0.0,0.0,0.0,0.0,0.0,0.0,0.0,0.0,0.0,0.0,7
15.86956522,-0.0012835917,0.052121568,-0.99833723,-0.024585933,-0.0012835917,0.052121568,15.799,7.899,7.9840382878341,5.441095858097574,4.858944722446635,4.734872810284809,0.0,0.0,0.0,0.0,0.0,0.0,0.0,0.0,0.0,0.0,0.0,8.992864840401984,10.273858356530344,10.503246364805124,10.536410887683532,0.0,0.0,0.0,0.0,0.0,0.0,0.0,0.0,0.0,0.0,0.0,7
15.8812709,0.0044161066,0.048853079,-0.99474028,0.089920209,0.0044161066,0.048853079,15.799,7.899,7.9840382878341,5.441095858097574,4.858944722446635,4.734872810284809,0.0,0.0,0.0,0.0,0.0,0.0,0.0,0.0,0.0,0.0,0.0,8.992864840401984,10.273858356530344,10.503246364805124,10.536410887683532,0.0,0.0,0.0,0.0,0.0,0.0,0.0,0.0,0.0,0.0,0.0,7
15.89297659,0.0090342226,0.043593945,-0.97822359,0.20272287,0.0090342226,0.043593945,15.799,7.899,7.9840382878341,5.441095858097574,4.858944722446635,4.734872810284809,0.0,0.0,0.0,0.0,0.0,0.0,0.0,0.0,0.0,0.0,0.0,8.992864840401984,10.273858356530344,10.503246364805124,10.536410887683532,0.0,0.0,0.0,0.0,0.0,0.0,0.0,0.0,0.0,0.0,0.0,7
15.90468227,0.012096342,0.036746192,-0.94914736,0.31244628,0.012096342,0.036746192,15.799,7.899,7.9840382878341,5.441095858097574,4.858944722446635,4.734872810284809,0.0,0.0,0.0,0.0,0.0,0.0,0.0,0.0,0.0,0.0,0.0,8.992864840401984,10.273858356530344,10.503246364805124,10.536410887683532,0.0,0.0,0.0,0.0,0.0,0.0,0.0,0.0,0.0,0.0,0.0,7
15.91638796,0.013258546,0.028817604,-0.90800397,0.41775896,0.013258546,0.028817604,15.799,7.899,7.9840382878341,5.441095858097574,4.858944722446635,4.734872810284809,0.0,0.0,0.0,0.0,0.0,0.0,0.0,0.0,0.0,0.0,0.0,8.992864840401984,10.273858356530344,10.503246364805124,10.536410887683532,0.0,0.0,0.0,0.0,0.0,0.0,0.0,0.0,0.0,0.0,0.0,7
15.92809365,0.012328056,0.020382585,-0.85542036,0.51738629,0.012328056,0.020382585,15.799,7.899,7.9840382878341,5.441095858097574,4.858944722446635,4.734872810284809,0.0,0.0,0.0,0.0,0.0,0.0,0.0,0.0,0.0,0.0,0.0,8.992864840401984,10.273858356530344,10.503246364805124,10.536410887683532,0.0,0.0,0.0,0.0,0.0,0.0,0.0,0.0,0.0,0.0,0.0,7
15.93979933,0.0092730735,0.012039688,-0.79215789,0.61012698,0.0092730735,0.012039688,15.799,7.899,7.9840382878341,5.441095858097574,4.858944722446635,4.734872810284809,0.0,0.0,0.0,0.0,0.0,0.0,0.0,0.0,0.0,0.0,0.0,8.992864840401984,10.273858356530344,10.503246364805124,10.536410887683532,0.0,0.0,0.0,0.0,0.0,0.0,0.0,0.0,0.0,0.0,0.0,7
15.95150502,0.0042213641,0.0043685954,-0.71910765,0.69487214,0.0042213641,0.0043685954,15.799,7.899,7.9840382878341,5.441095858097574,4.858944722446635,4.734872810284809,0.0,0.0,0.0,0.0,0.0,0.0,0.0,0.0,0.0,0.0,0.0,8.992864840401984,10.273858356530344,10.503246364805124,10.536410887683532,0.0,0.0,0.0,0.0,0.0,0.0,0.0,0.0,0.0,0.0,0.0,7
15.9632107,-0.002552177,-0.0021105629,-0.63728039,0.7706249,-0.002552177,-0.0021105629,15.799,7.899,7.9840382878341,5.441095858097574,4.858944722446635,4.734872810284809,0.0,0.0,0.0,0.0,0.0,0.0,0.0,0.0,0.0,0.0,0.0,8.992864840401984,10.273858356530344,10.503246364805124,10.536410887683532,0.0,0.0,0.0,0.0,0.0,0.0,0.0,0.0,0.0,0.0,0.0,7
15.97491639,-0.010647928,-0.0069727565,-0.547791,0.83651839,-0.010647928,-0.0069727565,15.799,7.899,7.9840382878341,5.441095858097574,4.858944722446635,4.734872810284809,0.0,0.0,0.0,0.0,0.0,0.0,0.0,0.0,0.0,0.0,0.0,8.992864840401984,10.273858356530344,10.503246364805124,10.536410887683532,0.0,0.0,0.0,0.0,0.0,0.0,0.0,0.0,0.0,0.0,0.0,7
15.98662207,-0.019572108,-0.0099160454,-0.45183826,0.89183002,-0.019572108,-0.0099160454,15.799,7.899,7.9840382878341,5.441095858097574,4.858944722446635,4.734872810284809,0.0,0.0,0.0,0.0,0.0,0.0,0.0,0.0,0.0,0.0,0.0,8.992864840401984,10.273858356530344,10.503246364805124,10.536410887683532,0.0,0.0,0.0,0.0,0.0,0.0,0.0,0.0,0.0,0.0,0.0,7
15.99832776,-0.028773076,-0.010780219,-0.35068143,0.93599061,-0.028773076,-0.010780219,15.799,7.899,7.9840382878341,5.441095858097574,4.858944722446635,4.734872810284809,0.0,0.0,0.0,0.0,0.0,0.0,0.0,0.0,0.0,0.0,0.0,8.992864840401984,10.273858356530344,10.503246364805124,10.536410887683532,0.0,0.0,0.0,0.0,0.0,0.0,0.0,0.0,0.0,0.0,0.0,7
16.01003344,-0.03768056,-0.009555091,-0.24561582,0.9685875,-0.03768056,-0.009555091,15.799,7.899,7.9840382878341,5.441095858097574,4.858944722446635,4.734872810284809,0.0,0.0,0.0,0.0,0.0,0.0,0.0,0.0,0.0,0.0,0.0,8.992864840401984,10.273858356530344,10.503246364805124,10.536410887683532,0.0,0.0,0.0,0.0,0.0,0.0,0.0,0.0,0.0,0.0,0.0,7
16.02173913,-0.045744904,-0.0063783309,-0.13794928,0.98936177,-0.045744904,-0.0063783309,15.799,7.899,7.9840382878341,5.441095858097574,4.858944722446635,4.734872810284809,0.0,0.0,0.0,0.0,0.0,0.0,0.0,0.0,0.0,0.0,0.0,8.992864840401984,10.273858356530344,10.503246364805124,10.536410887683532,0.0,0.0,0.0,0.0,0.0,0.0,0.0,0.0,0.0,0.0,0.0,7
16.03344482,-0.052473676,-0.0015235154,-0.028981653,0.99820051,-0.052473676,-0.0015235154,15.799,7.899,7.9840382878341,5.441095858097574,4.858944722446635,4.734872810284809,0.0,0.0,0.0,0.0,0.0,0.0,0.0,0.0,0.0,0.0,0.0,8.992864840401984,10.273858356530344,10.503246364805124,10.536410887683532,0.0,0.0,0.0,0.0,0.0,0.0,0.0,0.0,0.0,0.0,0.0,7
16.0451505,-0.057463361,0.0046202542,0.080011554,0.9951255,-0.057463361,0.0046202542,15.799,7.899,7.9840382878341,5.441095858097574,4.858944722446635,4.734872810284809,0.0,0.0,0.0,0.0,0.0,0.0,0.0,0.0,0.0,0.0,0.0,8.992864840401984,10.273858356530344,10.503246364805124,10.536410887683532,0.0,0.0,0.0,0.0,0.0,0.0,0.0,0.0,0.0,0.0,0.0,7
16.05685619,-0.060424473,0.011575408,0.18779055,0.98028037,-0.060424473,0.011575408,15.799,7.899,7.9840382878341,5.441095858097574,4.858944722446635,4.734872810284809,0.0,0.0,0.0,0.0,0.0,0.0,0.0,0.0,0.0,0.0,0.0,8.992864840401984,10.273858356530344,10.503246364805124,10.536410887683532,0.0,0.0,0.0,0.0,0.0,0.0,0.0,0.0,0.0,0.0,0.0,7
16.06856187,-0.061198998,0.018807663,0.29315786,0.95391793,-0.061198998,0.018807663,15.799,7.899,7.9840382878341,5.441095858097574,4.858944722446635,4.734872810284809,0.0,0.0,0.0,0.0,0.0,0.0,0.0,0.0,0.0,0.0,0.0,8.992864840401984,10.273858356530344,10.503246364805124,10.536410887683532,0.0,0.0,0.0,0.0,0.0,0.0,0.0,0.0,0.0,0.0,0.0,7
16.08026756,-0.0597696,0.0257605,0.39496088,0.9163896,-0.0597696,0.0257605,15.799,7.899,7.9840382878341,5.441095858097574,4.858944722446635,4.734872810284809,0.0,0.0,0.0,0.0,0.0,0.0,0.0,0.0,0.0,0.0,0.0,8.992864840401984,10.273858356530344,10.503246364805124,10.536410887683532,0.0,0.0,0.0,0.0,0.0,0.0,0.0,0.0,0.0,0.0,0.0,7
16.09197324,-0.056260485,0.03189047,0.49209183,0.86813788,-0.056260485,0.03189047,15.799,7.899,7.9840382878341,5.441095858097574,4.858944722446635,4.734872810284809,0.0,0.0,0.0,0.0,0.0,0.0,0.0,0.0,0.0,0.0,0.0,8.992864840401984,10.273858356530344,10.503246364805124,10.536410887683532,0.0,0.0,0.0,0.0,0.0,0.0,0.0,0.0,0.0,0.0,0.0,7
16.10367893,-0.050930084,0.036701606,0.58348669,0.80969278,-0.050930084,0.036701606,15.799,7.899,7.9840382878341,5.441095858097574,4.858944722446635,4.734872810284809,0.0,0.0,0.0,0.0,0.0,0.0,0.0,0.0,0.0,0.0,0.0,8.992864840401984,10.273858356530344,10.503246364805124,10.536410887683532,0.0,0.0,0.0,0.0,0.0,0.0,0.0,0.0,0.0,0.0,0.0,7
16.11538462,-0.044155987,0.039777314,0.6681249,0.74167185,-0.044155987,0.039777314,15.799,7.899,7.9840382878341,5.441095858097574,4.858944722446635,4.734872810284809,0.0,0.0,0.0,0.0,0.0,0.0,0.0,0.0,0.0,0.0,0.0,8.992864840401984,10.273858356530344,10.503246364805124,10.536410887683532,0.0,0.0,0.0,0.0,0.0,0.0,0.0,0.0,0.0,0.0,0.0,7
16.1270903,-0.036412703,0.040808213,0.74503161,0.6647832,-0.036412703,0.040808213,15.799,7.899,7.9840382878341,5.441095858097574,4.858944722446635,4.734872810284809,0.0,0.0,0.0,0.0,0.0,0.0,0.0,0.0,0.0,0.0,0.0,8.992864840401984,10.273858356530344,10.503246364805124,10.536410887683532,0.0,0.0,0.0,0.0,0.0,0.0,0.0,0.0,0.0,0.0,0.0,7
16.13879599,-0.028243102,0.039614433,0.81328341,0.57983025,-0.028243102,0.039614433,15.799,7.899,7.9840382878341,5.441095858097574,4.858944722446635,4.734872810284809,0.0,0.0,0.0,0.0,0.0,0.0,0.0,0.0,0.0,0.0,0.0,8.992864840401984,10.273858356530344,10.503246364805124,10.536410887683532,0.0,0.0,0.0,0.0,0.0,0.0,0.0,0.0,0.0,0.0,0.0,7
16.15050167,-0.020224637,0.036160899,0.87201848,0.48771623,-0.020224637,0.036160899,15.799,7.899,7.9840382878341,5.441095858097574,4.858944722446635,4.734872810284809,0.0,0.0,0.0,0.0,0.0,0.0,0.0,0.0,0.0,0.0,0.0,8.992864840401984,10.273858356530344,10.503246364805124,10.536410887683532,0.0,0.0,0.0,0.0,0.0,0.0,0.0,0.0,0.0,0.0,0.0,7
16.16220736,-0.012931871,0.030564256,0.92045086,0.3894468,-0.012931871,0.030564256,15.799,7.899,7.9840382878341,5.441095858097574,4.858944722446635,4.734872810284809,0.0,0.0,0.0,0.0,0.0,0.0,0.0,0.0,0.0,0.0,0.0,8.992864840401984,10.273858356530344,10.503246364805124,10.536410887683532,0.0,0.0,0.0,0.0,0.0,0.0,0.0,0.0,0.0,0.0,0.0,7
16.17391304,-0.0068972643,0.023090331,0.9578881,0.28612874,-0.0068972643,0.023090331,15.799,7.899,7.9840382878341,5.441095858097574,4.858944722446635,4.734872810284809,0.0,0.0,0.0,0.0,0.0,0.0,0.0,0.0,0.0,0.0,0.0,8.992864840401984,10.273858356530344,10.503246364805124,10.536410887683532,0.0,0.0,0.0,0.0,0.0,0.0,0.0,0.0,0.0,0.0,0.0,7
16.18561873,-0.0025726064,0.01414146,0.98375074,0.17896337,-0.0025726064,0.01414146,15.799,7.899,7.9840382878341,5.441095858097574,4.858944722446635,4.734872810284809,0.0,0.0,0.0,0.0,0.0,0.0,0.0,0.0,0.0,0.0,0.0,8.992864840401984,10.273858356530344,10.503246364805124,10.536410887683532,0.0,0.0,0.0,0.0,0.0,0.0,0.0,0.0,0.0,0.0,0.0,7
16.19732441,-0.00029382142,0.0042336629,0.99759142,0.069234074,-0.00029382142,0.0042336629,15.799,7.899,7.9840382878341,5.441095858097574,4.858944722446635,4.734872810284809,0.0,0.0,0.0,0.0,0.0,0.0,0.0,0.0,0.0,0.0,0.0,8.992864840401984,10.273858356530344,10.503246364805124,10.536410887683532,0.0,0.0,0.0,0.0,0.0,0.0,0.0,0.0,0.0,0.0,0.0,7
16.2090301,-0.00025197806,-0.0060355147,0.99911141,-0.041712126,-0.00025197806,-0.0060355147,15.799,7.899,7.9840382878341,5.441095858097574,4.858944722446635,4.734872810284809,0.0,0.0,0.0,0.0,0.0,0.0,0.0,0.0,0.0,0.0,0.0,8.992864840401984,10.273858356530344,10.503246364805124,10.536410887683532,0.0,0.0,0.0,0.0,0.0,0.0,0.0,0.0,0.0,0.0,0.0,7
16.22073579,-0.0024731424,-0.016026818,0.98817233,-0.15248759,-0.0024731424,-0.016026818,15.799,7.899,7.9840382878341,5.441095858097574,4.858944722446635,4.734872810284809,0.0,0.0,0.0,0.0,0.0,0.0,0.0,0.0,0.0,0.0,0.0,8.992864840401984,10.273858356530344,10.503246364805124,10.536410887683532,0.0,0.0,0.0,0.0,0.0,0.0,0.0,0.0,0.0,0.0,0.0,7
16.23244147,-0.0068091973,-0.025104236,0.96480145,-0.26168984,-0.0068091973,-0.025104236,15.799,7.899,7.9840382878341,5.441095858097574,4.858944722446635,4.734872810284809,0.0,0.0,0.0,0.0,0.0,0.0,0.0,0.0,0.0,0.0,0.0,8.992864840401984,10.273858356530344,10.503246364805124,10.536410887683532,0.0,0.0,0.0,0.0,0.0,0.0,0.0,0.0,0.0,0.0,0.0,7
16.24414716,-0.012940942,-0.032681961,0.92918985,-0.3679275,-0.012940942,-0.032681961,15.799,7.899,7.9840382878341,5.441095858097574,4.858944722446635,4.734872810284809,0.0,0.0,0.0,0.0,0.0,0.0,0.0,0.0,0.0,0.0,0.0,8.992864840401984,10.273858356530344,10.503246364805124,10.536410887683532,0.0,0.0,0.0,0.0,0.0,0.0,0.0,0.0,0.0,0.0,0.0,7
16.25585284,-0.020393809,-0.038269955,0.8816839,-0.4698436,-0.020393809,-0.038269955,15.799,7.899,7.9840382878341,5.441095858097574,4.858944722446635,4.734872810284809,0.0,0.0,0.0,0.0,0.0,0.0,0.0,0.0,0.0,0.0,0.0,8.992864840401984,10.273858356530344,10.503246364805124,10.536410887683532,0.0,0.0,0.0,0.0,0.0,0.0,0.0,0.0,0.0,0.0,0.0,7
16.26755853,-0.028565536,-0.041514758,0.82277153,-0.56613385,-0.028565536,-0.041514758,15.799,7.899,7.9840382878341,5.441095858097574,4.858944722446635,4.734872810284809,0.0,0.0,0.0,0.0,0.0,0.0,0.0,0.0,0.0,0.0,0.0,8.992864840401984,10.273858356530344,10.503246364805124,10.536410887683532,0.0,0.0,0.0,0.0,0.0,0.0,0.0,0.0,0.0,0.0,0.0,7
16.27926421,-0.036764285,-0.042232601,0.75306588,-0.65555822,-0.036764285,-0.042232601,15.799,7.899,7.9840382878341,5.441095858097574,4.858944722446635,4.734872810284809,0.0,0.0,0.0,0.0,0.0,0.0,0.0,0.0,0.0,0.0,0.0,8.992864840401984,10.273858356530344,10.503246364805124,10.536410887683532,0.0,0.0,0.0,0.0,0.0,0.0,0.0,0.0,0.0,0.0,0.0,7
16.2909699,-0.044255102,-0.040432429,0.67328927,-0.73694522,-0.044255102,-0.040432429,15.799,7.899,7.9840382878341,5.441095858097574,4.858944722446635,4.734872810284809,0.0,0.0,0.0,0.0,0.0,0.0,0.0,0.0,0.0,0.0,0.0,8.992864840401984,10.273858356530344,10.503246364805124,10.536410887683532,0.0,0.0,0.0,0.0,0.0,0.0,0.0,0.0,0.0,0.0,0.0,7
16.30267559,-0.050312273,-0.036327067,0.5842609,-0.80918985,-0.050312273,-0.036327067,15.799,7.899,7.9840382878341,5.441095858097574,4.858944722446635,4.734872810284809,0.0,0.0,0.0,0.0,0.0,0.0,0.0,0.0,0.0,0.0,0.0,8.992864840401984,10.273858356530344,10.503246364805124,10.536410887683532,0.0,0.0,0.0,0.0,0.0,0.0,0.0,0.0,0.0,0.0,0.0,7
16.31438127,-0.054275026,-0.030331253,0.48689089,-0.8712471,-0.054275026,-0.030331253,15.799,7.899,7.9840382878341,5.441095858097574,4.858944722446635,4.734872810284809,0.0,0.0,0.0,0.0,0.0,0.0,0.0,0.0,0.0,0.0,0.0,8.992864840401984,10.273858356530344,10.503246364805124,10.536410887683532,0.0,0.0,0.0,0.0,0.0,0.0,0.0,0.0,0.0,0.0,0.0,7
16.32608696,-0.055603967,-0.023045544,0.38218248,-0.92212453,-0.055603967,-0.023045544,15.799,7.899,7.9840382878341,5.441095858097574,4.858944722446635,4.734872810284809,0.0,0.0,0.0,0.0,0.0,0.0,0.0,0.0,0.0,0.0,0.0,8.992864840401984,10.273858356530344,10.503246364805124,10.536410887683532,0.0,0.0,0.0,0.0,0.0,0.0,0.0,0.0,0.0,0.0,0.0,7
16.33779264,-0.053935397,-0.01522524,0.27124297,-0.96087794,-0.053935397,-0.01522524,15.799,7.899,7.9840382878341,5.441095858097574,4.858944722446635,4.734872810284809,0.0,0.0,0.0,0.0,0.0,0.0,0.0,0.0,0.0,0.0,0.0,8.992864840401984,10.273858356530344,10.503246364805124,10.536410887683532,0.0,0.0,0.0,0.0,0.0,0.0,0.0,0.0,0.0,0.0,0.0,7
16.34949833,-0.049130221,-0.0077335275,0.15530174,-0.9866143,-0.049130221,-0.0077335275,15.799,7.899,7.9840382878341,5.441095858097574,4.858944722446635,4.734872810284809,0.0,0.0,0.0,0.0,0.0,0.0,0.0,0.0,0.0,0.0,0.0,8.992864840401984,10.273858356530344,10.503246364805124,10.536410887683532,0.0,0.0,0.0,0.0,0.0,0.0,0.0,0.0,0.0,0.0,0.0,7
16.36120401,-0.041313204,-0.0014784191,0.035732167,-0.99850601,-0.041313204,-0.0014784191,15.799,7.899,7.9840382878341,5.441095858097574,4.858944722446635,4.734872810284809,0.0,0.0,0.0,0.0,0.0,0.0,0.0,0.0,0.0,0.0,0.0,8.992864840401984,10.273858356530344,10.503246364805124,10.536410887683532,0.0,0.0,0.0,0.0,0.0,0.0,0.0,0.0,0.0,0.0,0.0,7
16.3729097,-0.030897262,0.0026660846,-0.085927889,-0.99581858,-0.030897262,0.0026660846,15.799,7.899,7.9840382878341,5.441095858097574,4.858944722446635,4.734872810284809,0.0,0.0,0.0,0.0,0.0,0.0,0.0,0.0,0.0,0.0,0.0,8.992864840401984,10.273858356530344,10.503246364805124,10.536410887683532,0.0,0.0,0.0,0.0,0.0,0.0,0.0,0.0,0.0,0.0,0.0,7
16.38461538,-0.018586365,0.0039524334,-0.20796374,-0.97795195,-0.018586365,0.0039524334,15.799,7.899,7.9840382878341,5.441095858097574,4.858944722446635,4.734872810284809,0.0,0.0,0.0,0.0,0.0,0.0,0.0,0.0,0.0,0.0,0.0,8.992864840401984,10.273858356530344,10.503246364805124,10.536410887683532,0.0,0.0,0.0,0.0,0.0,0.0,0.0,0.0,0.0,0.0,0.0,7
16.39632107,-0.0053501532,0.0018607402,-0.32848659,-0.94449165,-0.0053501532,0.0018607402,15.799,7.899,7.9840382878341,5.441095858097574,4.858944722446635,4.734872810284809,0.0,0.0,0.0,0.0,0.0,0.0,0.0,0.0,0.0,0.0,0.0,8.992864840401984,10.273858356530344,10.503246364805124,10.536410887683532,0.0,0.0,0.0,0.0,0.0,0.0,0.0,0.0,0.0,0.0,0.0,7
16.40802676,0.0076358574,-0.0037993815,-0.44545684,-0.89526279,0.0076358574,-0.0037993815,15.799,7.899,7.9840382878341,5.441095858097574,4.858944722446635,4.734872810284809,0.0,0.0,0.0,0.0,0.0,0.0,0.0,0.0,0.0,0.0,0.0,8.992864840401984,10.273858356530344,10.503246364805124,10.536410887683532,0.0,0.0,0.0,0.0,0.0,0.0,0.0,0.0,0.0,0.0,0.0,7
16.41973244,0.019088179,-0.012797769,-0.55672973,-0.83037574,0.019088179,-0.012797769,15.799,7.899,7.9840382878341,5.441095858097574,4.858944722446635,4.734872810284809,0.0,0.0,0.0,0.0,0.0,0.0,0.0,0.0,0.0,0.0,0.0,8.992864840401984,10.273858356530344,10.503246364805124,10.536410887683532,0.0,0.0,0.0,0.0,0.0,0.0,0.0,0.0,0.0,0.0,0.0,7
16.43143813,0.027750901,-0.024417015,-0.66011888,-0.75025114,0.027750901,-0.024417015,15.799,7.899,7.9840382878341,5.441095858097574,4.858944722446635,4.734872810284809,0.0,0.0,0.0,0.0,0.0,0.0,0.0,0.0,0.0,0.0,0.0,8.992864840401984,10.273858356530344,10.503246364805124,10.536410887683532,0.0,0.0,0.0,0.0,0.0,0.0,0.0,0.0,0.0,0.0,0.0,7
16.44314381,0.032563487,-0.037423708,-0.75346573,-0.65561306,0.032563487,-0.037423708,15.799,7.899,7.9840382878341,5.441095858097574,4.858944722446635,4.734872810284809,0.0,0.0,0.0,0.0,0.0,0.0,0.0,0.0,0.0,0.0,0.0,8.992864840401984,10.273858356530344,10.503246364805124,10.536410887683532,0.0,0.0,0.0,0.0,0.0,0.0,0.0,0.0,0.0,0.0,0.0,7
16.4548495,0.032851311,-0.050088694,-0.83469488,-0.54744532,0.032851311,-0.050088694,15.799,7.899,7.9840382878341,5.441095858097574,4.858944722446635,4.734872810284809,0.0,0.0,0.0,0.0,0.0,0.0,0.0,0.0,0.0,0.0,0.0,8.992864840401984,10.273858356530344,10.503246364805124,10.536410887683532,0.0,0.0,0.0,0.0,0.0,0.0,0.0,0.0,0.0,0.0,0.0,7
16.46655518,0.028528205,-0.060263719,-0.90182962,-0.42691658,0.028528205,-0.060263719,15.799,7.899,7.9840382878341,5.441095858097574,4.858944722446635,4.734872810284809,0.0,0.0,0.0,0.0,0.0,0.0,0.0,0.0,0.0,0.0,0.0,8.992864840401984,10.273858356530344,10.503246364805124,10.536410887683532,0.0,0.0,0.0,0.0,0.0,0.0,0.0,0.0,0.0,0.0,0.0,7
16.47826087,0.020303126,-0.065519737,-0.95294051,-0.29529532,0.020303126,-0.065519737,15.799,7.899,7.9840382878341,5.441095858097574,4.858944722446635,4.734872810284809,0.0,0.0,0.0,0.0,0.0,0.0,0.0,0.0,0.0,0.0,0.0,8.992864840401984,10.273858356530344,10.503246364805124,10.536410887683532,0.0,0.0,0.0,0.0,0.0,0.0,0.0,0.0,0.0,0.0,0.0,7
16.48996656,0.0098887545,-0.06335687,-0.98600417,-0.15389575,0.0098887545,-0.06335687,15.799,7.899,7.9840382878341,5.441095858097574,4.858944722446635,4.734872810284809,0.0,0.0,0.0,0.0,0.0,0.0,0.0,0.0,0.0,0.0,0.0,8.992864840401984,10.273858356530344,10.503246364805124,10.536410887683532,0.0,0.0,0.0,0.0,0.0,0.0,0.0,0.0,0.0,0.0,0.0,7
16.50167224,0.00021254025,-0.051513013,-0.9986638,-0.0041204395,0.00021254025,-0.051513013,15.799,7.899,7.9840382878341,5.441095858097574,4.858944722446635,4.734872810284809,0.0,0.0,0.0,0.0,0.0,0.0,0.0,0.0,0.0,0.0,0.0,8.992864840401984,10.273858356530344,10.503246364805124,10.536410887683532,0.0,0.0,0.0,0.0,0.0,0.0,0.0,0.0,0.0,0.0,0.0,7
16.51337793,-0.0043831587,-0.02843152,-0.98791518,0.15230241,-0.0043831587,-0.02843152,15.799,7.899,7.9840382878341,5.441095858097574,4.858944722446635,4.734872810284809,0.0,0.0,0.0,0.0,0.0,0.0,0.0,0.0,0.0,0.0,0.0,8.992864840401984,10.273858356530344,10.503246364805124,10.536410887683532,0.0,0.0,0.0,0.0,0.0,0.0,0.0,0.0,0.0,0.0,0.0,7
16.52508361,0.0019780589,0.0060072133,-0.9498128,0.31275494,0.0019780589,0.0060072133,15.799,7.899,7.9840382878341,5.441095858097574,4.858944722446635,4.734872810284809,0.0,0.0,0.0,0.0,0.0,0.0,0.0,0.0,0.0,0.0,0.0,8.992864840401984,10.273858356530344,10.503246364805124,10.536410887683532,0.0,0.0,0.0,0.0,0.0,0.0,0.0,0.0,0.0,0.0,0.0,7
16.5367893,0.026534359,0.049365831,-0.87943828,0.47270208,0.026534359,0.049365831,15.799,7.899,7.9840382878341,5.441095858097574,4.858944722446635,4.734872810284809,0.0,0.0,0.0,0.0,0.0,0.0,0.0,0.0,0.0,0.0,0.0,8.992864840401984,10.273858356530344,10.503246364805124,10.536410887683532,0.0,0.0,0.0,0.0,0.0,0.0,0.0,0.0,0.0,0.0,0.0,7
16.54849498,0.076958178,0.095135026,-0.77162563,0.624196,0.076958178,0.095135026,15.799,7.899,7.9840382878341,5.441095858097574,4.858944722446635,4.734872810284809,0.0,0.0,0.0,0.0,0.0,0.0,0.0,0.0,0.0,0.0,0.0,8.992864840401984,10.273858356530344,10.503246364805124,10.536410887683532,0.0,0.0,0.0,0.0,0.0,0.0,0.0,0.0,0.0,0.0,0.0,7
17.5083612,-0.99739577,0.072116239,-6.975575e-05,-0.00096474929,-0.99739577,0.072116239,15.799,7.899,7.9840382878341,5.441095858097574,4.858944722446635,4.734872810284809,0.0,0.0,0.0,0.0,0.0,0.0,0.0,0.0,0.0,0.0,0.0,8.992864840401984,10.273858356530344,10.503246364805124,10.536410887683532,0.0,0.0,0.0,0.0,0.0,0.0,0.0,0.0,0.0,0.0,0.0,7
17.52006689,-0.9967137,0.080999613,-7.501258e-05,-0.00092304226,-0.9967137,0.080999613,15.799,7.899,7.9840382878341,5.441095858097574,4.858944722446635,4.734872810284809,0.0,0.0,0.0,0.0,0.0,0.0,0.0,0.0,0.0,0.0,0.0,8.992864840401984,10.273858356530344,10.503246364805124,10.536410887683532,0.0,0.0,0.0,0.0,0.0,0.0,0.0,0.0,0.0,0.0,0.0,7
17.53177258,-0.99596418,0.089747228,-7.9615937e-05,-0.00088353282,-0.99596418,0.089747228,15.799,7.899,7.9840382878341,5.441095858097574,4.858944722446635,4.734872810284809,0.0,0.0,0.0,0.0,0.0,0.0,0.0,0.0,0.0,0.0,0.0,8.992864840401984,10.273858356530344,10.503246364805124,10.536410887683532,0.0,0.0,0.0,0.0,0.0,0.0,0.0,0.0,0.0,0.0,0.0,7
17.54347826,-0.9951503,0.098362344,-8.3628697e-05,-0.00084608724,-0.9951503,0.098362344,15.799,7.899,7.9840382878341,5.441095858097574,4.858944722446635,4.734872810284809,0.0,0.0,0.0,0.0,0.0,0.0,0.0,0.0,0.0,0.0,0.0,8.992864840401984,10.273858356530344,10.503246364805124,10.536410887683532,0.0,0.0,0.0,0.0,0.0,0.0,0.0,0.0,0.0,0.0,0.0,7
17.55518395,-0.99427502,0.10684813,-8.7107742e-05,-0.00081058092,-0.99427502,0.10684813,15.799,7.899,7.9840382878341,5.441095858097574,4.858944722446635,4.734872810284809,0.0,0.0,0.0,0.0,0.0,0.0,0.0,0.0,0.0,0.0,0.0,8.992864840401984,10.273858356530344,10.503246364805124,10.536410887683532,0.0,0.0,0.0,0.0,0.0,0.0,0.0,0.0,0.0,0.0,0.0,7
17.56688963,-0.99334112,0.11520765,-9.0104552e-05,-0.00077689771,-0.99334112,0.11520765,15.799,7.899,7.9840382878341,5.441095858097574,4.858944722446635,4.734872810284809,0.0,0.0,0.0,0.0,0.0,0.0,0.0,0.0,0.0,0.0,0.0,8.992864840401984,10.273858356530344,10.503246364805124,10.536410887683532,0.0,0.0,0.0,0.0,0.0,0.0,0.0,0.0,0.0,0.0,0.0,7
17.57859532,-0.99235127,0.12344389,-9.2665739e-05,-0.00074492926,-0.99235127,0.12344389,15.799,7.899,7.9840382878341,5.441095858097574,4.858944722446635,4.734872810284809,0.0,0.0,0.0,0.0,0.0,0.0,0.0,0.0,0.0,0.0,0.0,8.992864840401984,10.273858356530344,10.503246364805124,10.536410887683532,0.0,0.0,0.0,0.0,0.0,0.0,0.0,0.0,0.0,0.0,0.0,7
17.590301,-0.99130798,0.13155974,-9.4833528e-05,-0.00071457448,-0.99130798,0.13155974,15.799,7.899,7.9840382878341,5.441095858097574,4.858944722446635,4.734872810284809,0.0,0.0,0.0,0.0,0.0,0.0,0.0,0.0,0.0,0.0,0.0,8.992864840401984,10.273858356530344,10.503246364805124,10.536410887683532,0.0,0.0,0.0,0.0,0.0,0.0,0.0,0.0,0.0,0.0,0.0,7
17.60200669,-0.99021365,0.13955802,-9.6646183e-05,-0.00068573896,-0.99021365,0.13955802,15.799,7.899,7.9840382878341,5.441095858097574,4.858944722446635,4.734872810284809,0.0,0.0,0.0,0.0,0.0,0.0,0.0,0.0,0.0,0.0,0.0,8.992864840401984,10.273858356530344,10.503246364805124,10.536410887683532,0.0,0.0,0.0,0.0,0.0,0.0,0.0,0.0,0.0,0.0,0.0,7
17.61371237,-0.98907056,0.14744145,-9.813839e-05,-0.00065833451,-0.98907056,0.14744145,15.799,7.899,7.9840382878341,5.441095858097574,4.858944722446635,4.734872810284809,0.0,0.0,0.0,0.0,0.0,0.0,0.0,0.0,0.0,0.0,0.0,8.992864840401984,10.273858356530344,10.503246364805124,10.536410887683532,0.0,0.0,0.0,0.0,0.0,0.0,0.0,0.0,0.0,0.0,0.0,7
17.62541806,-0.98788087,0.15521268,-9.9341605e-05,-0.0006322787,-0.98788087,0.15521268,15.799,7.899,7.9840382878341,5.441095858097574,4.858944722446635,4.734872810284809,0.0,0.0,0.0,0.0,0.0,0.0,0.0,0.0,0.0,0.0,0.0,8.992864840401984,10.273858356530344,10.503246364805124,10.536410887683532,0.0,0.0,0.0,0.0,0.0,0.0,0.0,0.0,0.0,0.0,0.0,7
17.63712375,-0.98664664,0.16287428,-0.00010028436,-0.00060749447,-0.98664664,0.16287428,15.799,7.899,7.9840382878341,5.441095858097574,4.858944722446635,4.734872810284809,0.0,0.0,0.0,0.0,0.0,0.0,0.0,0.0,0.0,0.0,0.0,8.992864840401984,10.273858356530344,10.503246364805124,10.536410887683532,0.0,0.0,0.0,0.0,0.0,0.0,0.0,0.0,0.0,0.0,0.0,7
17.64882943,-0.98536982,0.17042876,-0.00010099254,-0.00058390969,-0.98536982,0.17042876,15.799,7.899,7.9840382878341,5.441095858097574,4.858944722446635,4.734872810284809,0.0,0.0,0.0,0.0,0.0,0.0,0.0,0.0,0.0,0.0,0.0,8.992864840401984,10.273858356530344,10.503246364805124,10.536410887683532,0.0,0.0,0.0,0.0,0.0,0.0,0.0,0.0,0.0,0.0,0.0,7
17.66053512,-0.98405229,0.17787853,-0.00010148965,-0.00056145688,-0.98405229,0.17787853,15.799,7.899,7.9840382878341,5.441095858097574,4.858944722446635,4.734872810284809,0.0,0.0,0.0,0.0,0.0,0.0,0.0,0.0,0.0,0.0,0.0,8.992864840401984,10.273858356530344,10.503246364805124,10.536410887683532,0.0,0.0,0.0,0.0,0.0,0.0,0.0,0.0,0.0,0.0,0.0,7
17.6722408,-0.9826958,0.18522596,-0.00010179702,-0.00054007281,-0.9826958,0.18522596,15.799,7.899,7.9840382878341,5.441095858097574,4.858944722446635,4.734872810284809,0.0,0.0,0.0,0.0,0.0,0.0,0.0,0.0,0.0,0.0,0.0,8.992864840401984,10.273858356530344,10.503246364805124,10.536410887683532,0.0,0.0,0.0,0.0,0.0,0.0,0.0,0.0,0.0,0.0,0.0,7
