iris_1,iris_2,iris_3,iris_4,error,Goal_Met
8.312448093613007,5.594015806680097,4.886744283091584,4.7644265625352,3.2044534274934846,No
8.312448093613007,5.594015806680097,4.886744283091584,4.7644265625352,3.3737452084798365,No
8.310448093613008,5.592015806680097,4.884744283091584,4.7624265625352,3.1111484795100903,No
8.308992274774505,5.590559987841594,4.883288464253082,4.7609707436966975,3.0880402246076124,No
8.308992274774505,5.590559987841594,4.883288464253082,4.7609707436966975,3.393036974316039,No
8.30409329528894,5.591376484422522,4.8841049608340095,4.7617872402776245,2.9716329271144444,No
8.30351887804387,5.591472220630033,4.88420069704152,4.761882976485136,2.96868641725844,No
8.30351887804387,5.591472220630033,4.88420069704152,4.761882976485136,3.24736055687719,No
8.30351887804387,5.591472220630033,4.88420069704152,4.761882976485136,3.0591930541329413,No
8.30351887804387,5.590241203945127,4.884446900378502,4.762129179822117,2.9375901276157457,No
8.30351887804387,5.590241203945127,4.884446900378502,4.762129179822117,2.9419163929543126,No
8.30351887804387,5.590241203945127,4.884446900378502,4.762129179822117,3.0541565058676623,No
8.30351887804387,5.590241203945127,4.886643961980062,4.761579914421727,2.9209895473442864,No
8.30351887804387,5.590241203945127,4.886643961980062,4.761579914421727,3.0030807140355966,No
8.30351887804387,5.590241203945127,4.886643961980062,4.761579914421727,3.0413114093156697,No
8.30351887804387,5.590241203945127,4.886643961980062,4.762012680672371,2.918213379974132,No
8.30351887804387,5.590241203945127,4.886643961980062,4.762012680672371,2.9276779274920446,No
8.30351887804387,5.590241203945127,4.886643961980062,4.762012680672371,2.9360389290772284,No
8.30351887804387,5.590241203945127,4.886643961980062,4.762012680672371,2.9176410613552246,No
8.30351887804387,5.590241203945127,4.886643961980062,4.762012680672371,2.9263716610522854,No
8.30351887804387,5.590241203945127,4.886643961980062,4.762012680672371,2.9240895393315194,No
8.30351887804387,5.590241203945127,4.886643961980062,4.762012680672371,2.917606745081318,No
8.299321143407685,5.588466716531789,4.886596799785207,4.760877884964417,2.846363925084499,No
8.299321143407685,5.588466716531789,4.886596799785207,4.760877884964417,3.0284103849859476,No
8.293860550285444,5.586158387253123,4.88653544918085,4.759401694072172,2.8094183966729385,No
8.293860550285444,5.586158387253123,4.88653544918085,4.759401694072172,6.416345917090318,No
8.293860550285444,5.586158387253123,4.88653544918085,4.759401694072172,6.190493795083411,No
8.293860550285444,5.586158387253123,4.88653544918085,4.759401694072172,2.809923235701446,No
8.293860550285444,5.586158387253123,4.88653544918085,4.759401694072172,2.8580673546351276,No
8.293860550285444,5.586158387253123,4.88653544918085,4.759401694072172,2.841818495556715,No
8.293860550285444,5.586158387253123,4.88653544918085,4.759401694072172,2.8105915527303367,No
8.293860550285444,5.586158387253123,4.88653544918085,4.759401694072172,2.836536244032458,No
8.293726728929853,5.585545868081667,4.886539761169189,4.759505447213314,2.79091833018314,No
8.293985030901588,5.583775540251925,4.886547008022411,4.759679817764933,2.771975450827755,No
8.29389923223392,5.58368787798511,4.887220302670422,4.7596218981102405,2.76619014245002,No
8.29389923223392,5.58368787798511,4.887220302670422,4.7596218981102405,2.7847238684214597,No
8.29387084563277,5.58365887480975,4.887443063083248,4.759602735316911,2.765888368030092,No
8.29387084563277,5.58365887480975,4.887443063083248,4.759602735316911,2.7718750551367948,No
8.29387084563277,5.58365887480975,4.887443063083248,4.759602735316911,2.773956125094308,No
8.293863432314605,5.583651300469814,4.88744713367916,4.7596518353673485,2.7658036511291746,No
8.293863432314605,5.583651300469814,4.88744713367916,4.7596518353673485,4.655827131683078,No
8.293863432314605,5.583651300469814,4.88744713367916,4.7596518353673485,3.3420184571258384,No
8.293863432314605,5.583651300469814,4.88744713367916,4.7596518353673485,2.8197341652244865,No
8.293985217404419,5.58377573080571,4.887380262424243,4.759641068406219,2.761825154865048,No
8.290185669537601,5.5811989792719725,4.8876737078160835,4.758695885368184,2.743708816754829,No
8.290185669537601,5.5811989792719725,4.8876737078160835,4.758695885368184,2.8052709697333578,No
8.289367902383264,5.580644391504417,4.887736865331517,4.758492455994365,2.742140155932998,No
8.289367902383264,5.580644391504417,4.887736865331517,4.758492455994365,2.8965907846787524,No
8.289367902383264,5.580644391504417,4.887736865331517,4.758492455994365,3.1127743627542968,No
8.28927185488663,5.580579254666316,4.887744283239193,4.758468563029243,2.739274187194913,No
8.289144184080461,5.580492671747206,4.887754143467582,4.75843680338713,2.7146273472338818,No
8.289144184080461,5.580492671747206,4.887754143467582,4.75843680338713,2.794013913369266,No
8.289103453842849,5.580465049591644,4.887757289131476,4.758426671252708,2.7134747058680375,No
8.289103453842849,5.580465049591644,4.887757289131476,4.758426671252708,2.723920831466878,No
8.288420959394852,5.580585171414692,4.887743609428574,4.7584707333627545,2.7060427543341246,No
8.287079402125677,5.5808212909983315,4.887716719678889,4.758557344827804,2.702651726416166,No
8.287079402125677,5.5808212909983315,4.887716719678889,4.758557344827804,2.71804743169776,No
8.287112860925818,5.580132899834105,4.887700788462176,4.758608659028779,2.6941757009273584,No
8.287137115740524,5.579633874164805,4.887689239670594,4.758645857506646,2.693658953197869,No
8.287110778441743,5.57950589663438,4.888371628862718,4.7586054652201,2.6869830514610396,No
8.287110778441743,5.57950589663438,4.888371628862718,4.7586054652201,2.7034142535966983,No
8.28706684983353,5.579292439861872,4.889509802056578,4.758538093962883,2.684391183285415,No
8.28706684983353,5.579292439861872,4.889509802056578,4.758538093962883,2.6987535355761287,No
8.28709676672861,5.579437811275328,4.889456114706756,4.757862528315799,2.681576372155768,No
8.287089100778067,5.5794005610839905,4.889469871634654,4.758035636281231,2.6811634843671888,No
8.28298121103135,5.5767943530086646,4.890714613380652,4.757079309913419,2.6594097617796644,No
8.28298121103135,5.5767943530086646,4.890714613380652,4.757079309913419,2.7226688953962546,No
8.280510889828182,5.575227083323909,4.891463151466433,4.756504213343351,2.6563349636354707,No
8.280510889828182,5.575227083323909,4.891463151466433,4.756504213343351,2.660904506768633,No
8.280510889828182,5.575227083323909,4.891463151466433,4.756504213343351,2.656440646677367,No
8.28055829949858,5.575257161897936,4.8914487857459426,4.7565152504258155,2.655787712151466,No
8.280458435707986,5.575193804350989,4.891479045718028,4.756492001901141,2.609972327388344,No
8.280458435707986,5.575193804350989,4.891479045718028,4.756492001901141,2.7320102333197847,No
8.280357899702294,5.575130020324141,4.891509509379659,4.756468596883216,2.595014882544672,No
8.280357899702294,5.575130020324141,4.891509509379659,4.756468596883216,2.595643877683832,No
8.280357899702294,5.575130020324141,4.891509509379659,4.756468596883216,2.6253849583239464,No
8.280308170505588,5.575098470150688,4.891524577945503,4.756457019809586,2.591120722171401,No
8.280308170505588,5.575098470150688,4.891524577945503,4.756457019809586,2.5944218000509904,No
8.27961900506549,5.575186308675736,4.891482625700758,4.756489251425476,2.590445724556944,No
8.279786447340058,5.575164967091302,4.891492818578803,4.756481420308645,2.5902367154508448,No
8.279786447340058,5.575164967091302,4.891492818578803,4.756481420308645,2.6023641365520835,No
8.27982188608142,5.5744728310587774,4.891447003357843,4.756516619822112,2.585872791528616,No
8.279824087110995,5.574429843869618,4.891444157865805,4.756518805993721,2.58580903196553,No
8.279796906779712,5.574308705740789,4.89213127996502,4.7564918091422435,2.5840894131729146,No
8.279796906779712,5.574308705740789,4.89213127996502,4.7564918091422435,2.5908781784422743,No
8.279796906779712,5.574308705740789,4.89213127996502,4.7564918091422435,2.5840960735626157,No
8.275807521928376,5.571520957136426,4.893601302053808,4.755646778183681,2.5576309126003496,No
8.275807521928376,5.571520957136426,4.893601302053808,4.755646778183681,2.6299364828190486,No
8.272353323899402,5.569108377054558,4.894866264963771,4.7549153567184765,2.556207525832628,No
8.272353323899402,5.569108377054558,4.894866264963771,4.7549153567184765,2.5784843105434705,No
8.27243907846415,5.569168272217807,4.894834860758553,4.754220888256459,2.5427750623569474,No
8.272526442387202,5.569229291435252,4.894802867189741,4.753513386685472,2.5370481168543697,No
8.27243747740536,5.569167153960396,4.894835447082779,4.75351707574528,2.5208670761345218,No
8.27243747740536,5.569167153960396,4.894835447082779,4.75351707574528,2.560363970776688,No
8.27228019624067,5.569057301137253,4.8948930450659,4.753523597633006,2.4988805222980757,No
8.27228019624067,5.569057301137253,4.8948930450659,4.753523597633006,2.500313143534363,No
8.27228019624067,5.569057301137253,4.8948930450659,4.753523597633006,2.53611351711986,No
8.272240984727642,5.569029913907419,4.894907404726003,4.753525223594297,2.496250819184014,No
8.272240984727642,5.569029913907419,4.894907404726003,4.753525223594297,2.504496617552824,No
8.272240984727642,5.569029913907419,4.894907404726003,4.753525223594297,2.518502384056558,No
8.272220656481426,5.569015715670519,4.894914849139227,4.753526066534007,2.4959030675377822,No
8.272220656481426,5.569015715670519,4.894914849139227,4.753526066534007,2.8964170364219144,No
8.272220656481426,5.569015715670519,4.894914849139227,4.753526066534007,2.623276343966105,No
8.272220656481426,5.569015715670519,4.894914849139227,4.753526066534007,2.500582226645227,No
8.271605910789335,5.569086223490268,4.8948778805106965,4.753521880532491,2.494092584592919,No
8.271605910789335,5.569086223490268,4.8948778805106965,4.753521880532491,2.547984232391522,No
8.271605910789335,5.569086223490268,4.8948778805106965,4.753521880532491,2.511874174376209,No
8.271626411978463,5.5684854167344575,4.894838461899793,4.753517417116574,2.4887872497712564,No
8.271626411978463,5.5684854167344575,4.894838461899793,4.753517417116574,2.6188202217490346,No
8.271626411978463,5.5684854167344575,4.894838461899793,4.753517417116574,2.5293350624632756,No
8.271626411978463,5.5684854167344575,4.894838461899793,4.753517417116574,2.4988164428492414,No
8.271626411978463,5.5684854167344575,4.894838461899793,4.753517417116574,2.489707511988231,No
8.271626411978463,5.5684854167344575,4.894838461899793,4.753517417116574,2.5552196325330616,No
8.27142320668794,5.568340621807841,4.892409424376394,4.753443447831979,2.483986996364649,No
8.271610554428342,5.568474117359328,4.893356811616201,4.753511644768645,2.4819666491535832,No
8.271610554428342,5.568474117359328,4.893356811616201,4.753511644768645,2.5249347029741593,No
8.271610554428342,5.568474117359328,4.893356811616201,4.753511644768645,2.503780754316144,No
8.271548241157419,5.568429715732443,4.893403427426288,4.75312723800469,2.4803174081870876,No
8.271649539714357,5.568501896516126,4.893327647191638,4.753165355143634,2.475933279143077,No
8.271649539714357,5.568501896516126,4.893327647191638,4.753165355143634,2.490802765306944,No
8.271671680034977,5.568517672710195,4.893311084283512,4.75317368621668,2.4751816317383404,No
8.271671680034977,5.568517672710195,4.893311084283512,4.75317368621668,2.4809051338750505,No
8.271671680034977,5.568517672710195,4.893311084283512,4.75317368621668,2.492270684882808,No
8.271697652844178,5.568536179762805,4.893291654336678,4.753183459398125,2.473570771489827,No
8.271697652844178,5.568536179762805,4.893291654336678,4.753183459398125,5.262768720742491,No
8.271697652844178,5.568536179762805,4.893291654336678,4.753183459398125,5.68271833629887,No
8.271759498314562,5.56858024805612,4.893245388482558,4.753206730927937,2.4722231166079878,No
8.271759498314562,5.56858024805612,4.893245388482558,4.753206730927937,2.5039088769940534,No
8.269080261824584,5.568338580890991,4.893499106903813,4.753079111630369,2.4686662289667156,No
8.270081091407627,5.568428855731982,4.893404330312533,4.75312678385671,2.4666492733044056,No
8.269206173106696,5.568396832437193,4.892592364177275,4.752905617974073,2.463007382846018,No
8.269206173106696,5.568396832437193,4.892592364177275,4.752905617974073,2.476102372216548,No
8.269095320036495,5.568392775052016,4.892489487212767,4.752877596023809,2.4629924069309626,No
8.269095320036495,5.568392775052016,4.892489487212767,4.752877596023809,2.54010239827619,No
8.269095320036495,5.568392775052016,4.892489487212767,4.752877596023809,2.5027444963057333,No
8.269102293548654,5.567957462161167,4.892495958966428,4.75287935882037,2.459706956893223,No
8.269102293548654,5.567957462161167,4.892495958966428,4.75287935882037,2.462210613336581,No
8.26911352571338,5.567947595967178,4.89181509512606,4.752882198138765,2.459466033767295,No
8.269109105568786,5.567951478567289,4.892083032491323,4.752881080794232,2.4593223413976735,No
8.269109105568786,5.567951478567289,4.892083032491323,4.752881080794232,2.4659900040001506,No
8.269120260659756,5.56794168007393,4.892090492087893,4.752200249197889,2.457455969708797,No
8.269119019353493,5.567942770421935,4.892089662005559,4.752276010169021,2.457421421631258,No
8.26910807470936,5.567952384061405,4.8920823431383225,4.752268175728417,2.4495665143077225,No
8.26910807470936,5.567952384061405,4.8920823431383225,4.752268175728417,2.46839172406011,No
8.26908595208361,5.5679718163010925,4.892067549367158,4.752252339818601,2.444047295484175,No
8.269074967221414,5.567981465267611,4.892060203605427,4.752244476588935,2.4244790508524057,No
8.269074967221414,5.567981465267611,4.892060203605427,4.752244476588935,2.493305388642867,No
8.26907321965361,5.5679830003094635,4.892059034977503,4.752243225637694,2.4238667175636124,No
8.269062345224661,5.567992552272788,4.892051763064338,4.752235441458814,2.422566624621009,No
8.269062345224661,5.567992552272788,4.892051763064338,4.752235441458814,2.4493256354642328,No
8.269067197238144,5.567988290324409,4.892055007687194,4.752238914647251,2.419470798100582,No
8.268671171407567,5.567816206011559,4.8915279639093505,4.75189211401292,2.405789294013478,No
8.268671171407567,5.567816206011559,4.8915279639093505,4.75189211401292,2.435532886052557,No
8.2665931758614,5.5669132587589845,4.888762501309611,4.750072409039394,2.374578494608346,No
8.2665931758614,5.5669132587589845,4.888762501309611,4.750072409039394,2.3811822513027634,No
8.26594334383902,5.566941056246563,4.888847636861046,4.75012842917374,2.3702960706583553,No
8.265069441532242,5.566978438658756,4.888962128225313,4.750203765757574,2.3682300360066524,No
8.265069441532242,5.566978438658756,4.888962128225313,4.750203765757574,2.3876483735977296,No
8.26510378423029,5.566328293768824,4.88904641077917,4.750259224610082,2.3510556167863026,No
8.26510378423029,5.566328293768824,4.88904641077917,4.750259224610082,2.4300554819633926,No
8.265139447086714,5.565653156834791,4.889133933215915,4.75031681534136,2.336223938273105,No
8.265139447086714,5.565653156834791,4.889133933215915,4.75031681534136,2.3433999763002236,No
8.265181750631802,5.5655955387030005,4.888494518668002,4.75038512989441,2.3319682612711414,No
8.265222245423633,5.565540384123222,4.8878824432743935,4.750450523553475,2.330773576590529,No
8.265177422626723,5.56560143351788,4.887850136203994,4.751087940645535,2.317628491007373,No
8.265177422626723,5.56560143351788,4.887850136203994,4.751087940645535,2.346244822718127,No
8.264946541318075,5.565915897699111,4.887683723146209,4.754371263028674,2.299129243034681,No
8.264923121130908,5.5659477963834405,4.887666842503148,4.754165137639678,2.288705986338192,No
8.264923121130908,5.5659477963834405,4.887666842503148,4.754165137639678,2.3136107551390843,No
8.2648746786224,5.566013775885478,4.887631926441669,4.753738786183211,2.2818809056031166,No
8.264849927855199,5.566047486841937,4.887614086752191,4.75352095011381,2.262687311543087,No
8.264849927855199,5.566047486841937,4.887614086752191,4.75352095011381,2.3294440388330977,No
8.264845557948172,5.566053438727964,4.887610937040356,4.753482489755697,2.2620092005630332,No
8.264349985196219,5.565826309012608,4.8870892533603785,4.75362847142216,2.246523890100236,No
8.264349985196219,5.565826309012608,4.8870892533603785,4.75362847142216,2.278205574450994,No
8.254934102909099,5.561510844420833,4.87717726344081,4.756402123084954,2.0898472189529604,No
8.25498083446141,5.561532262313832,4.877226457203148,4.756388357296065,2.063086107965334,No
8.25498083446141,5.561532262313832,4.877226457203148,4.756388357296065,2.1476684083869695,No
8.254997732210674,5.561540006849755,4.877244245267532,4.756383379698756,2.062309203460716,No
8.254997732210674,5.561540006849755,4.877244245267532,4.756383379698756,2.0826519488593083,No
8.254326466256892,5.56152183213706,4.877202500615199,4.756395061018582,2.044021280123573,No
8.248687829961558,5.561369164488583,4.876851845393597,4.756493184144855,1.971116272573663,No
8.248687829961558,5.561369164488583,4.876851845393597,4.756493184144855,1.9766513527848155,No
8.248687829961558,5.561369164488583,4.876851845393597,4.756493184144855,1.9752306301896245,No
8.248686077173154,5.5613197719343335,4.876848748615801,4.7564940507097875,1.9710682701973448,No
8.248686077173154,5.5613197719343335,4.876848748615801,4.7564940507097875,2.1514887370349145,No
8.248686077173154,5.5613197719343335,4.876848748615801,4.7564940507097875,2.1801613982403554,No
8.248699347996629,5.561307096481723,4.877258834650399,4.756487489718039,1.9684538490760752,No
8.248699347996629,5.561307096481723,4.877258834650399,4.756487489718039,2.024286522986915,No
8.248699347996629,5.561307096481723,4.877258834650399,4.756487489718039,2.0031905284023144,No
8.248687908534421,5.5613180227336905,4.877233780706,4.756164704699295,1.9681683629454105,No
8.24871870697042,5.561288606012365,4.87730123337895,4.756241556238604,1.9614889269105555,No
8.24871870697042,5.561288606012365,4.87730123337895,4.756241556238604,1.9796996817259152,No
8.248745707001126,5.561262817287927,4.877360367038888,4.75630892959228,1.9599819990473266,No
8.247367090469268,5.560852600451955,4.876482619455294,4.7565509552295255,1.9442257218805197,No
8.247367090469268,5.560852600451955,4.876482619455294,4.7565509552295255,1.9774240646012369,No
8.235171113518575,5.5572236035839495,4.868717596295735,4.758692043070204,1.890198500866442,No
8.235171113518575,5.5572236035839495,4.868717596295735,4.758692043070204,16.63301930234216,No
8.235171113518575,5.5572236035839495,4.868717596295735,4.758692043070204,42.96757594861684,No
8.235171113518575,5.5572236035839495,4.868717596295735,4.758692043070204,2.5964329068317955,No
8.235409282494844,5.557294472401793,4.868869235448882,4.758650230864329,1.8309219775393233,No
8.235409282494844,5.557294472401793,4.868869235448882,4.758650230864329,1.942464153614674,No
8.235409282494844,5.557294472401793,4.868869235448882,4.758650230864329,1.9713926264525967,No
8.235424355753258,5.55729895755356,4.868878832400496,4.758647584649889,1.8295304665248942,No
8.235424355753258,5.55729895755356,4.868878832400496,4.758647584649889,4.4026894793266935,No
8.235424355753258,5.55729895755356,4.868878832400496,4.758647584649889,2.8106598876267244,No
8.235424355753258,5.55729895755356,4.868878832400496,4.758647584649889,1.8647971407109254,No
8.233737246374673,5.55724726937851,4.8687682343782495,4.75867808038387,1.8185659536833816,No
8.233737246374673,5.55724726937851,4.8687682343782495,4.75867808038387,1.886249530277556,No
8.233737246374673,5.55724726937851,4.8687682343782495,4.75867808038387,1.8274117488780028,No
8.233677557556055,5.5565271311857645,4.8687186326721905,4.7586917573050505,1.8103485340430714,No
8.233819467511331,5.556471339402211,4.870604478344296,4.758659240473288,1.7936837738470306,No
8.233819467511331,5.556471339402211,4.870604478344296,4.758659240473288,1.839311818851765,No
8.233940803515628,5.556423636250761,4.872216916161833,4.7586314378964305,1.7887621657831994,No
8.234096153119788,5.556362560680175,4.872375393761973,4.760501809513834,1.7883029614355475,No
8.234096153119788,5.556362560680175,4.872375393761973,4.760501809513834,1.8255068634253617,No
8.234020444315885,5.556392325534884,4.872298160545854,4.759590293847122,1.7834738769951972,No
8.232521367203933,5.555896494467758,4.871782812327496,4.7599243468386065,1.7762893855716775,No
8.232521367203933,5.555896494467758,4.871782812327496,4.7599243468386065,1.7926650045094927,No
8.227903661193986,5.554369153358797,4.870195351251511,4.760953352280771,1.7667239664462546,No
8.227903661193986,5.554369153358797,4.870195351251511,4.760953352280771,1.7831728311358024,No
8.227903661193986,5.554369153358797,4.870195351251511,4.760953352280771,1.8078659624070155,No
8.22811932369079,5.554440485357048,4.870269491055667,4.760905294244508,1.7647135901917648,No
8.22811932369079,5.554440485357048,4.870269491055667,4.760905294244508,11.54289106053223,No
8.22811932369079,5.554440485357048,4.870269491055667,4.760905294244508,24.436165858428037,No
8.22811932369079,5.554440485357048,4.870269491055667,4.760905294244508,2.4130989713835356,No
8.22811932369079,5.554440485357048,4.870269491055667,4.760905294244508,1.8385497314037273,No
8.22811932369079,5.554440485357048,4.870269491055667,4.760905294244508,1.7741270971512386,No
8.22811932369079,5.554440485357048,4.870269491055667,4.760905294244508,1.7664667946644022,No
8.22811932369079,5.554440485357048,4.870269491055667,4.760905294244508,1.765114476883149,No
8.22811932369079,5.554440485357048,4.870269491055667,4.760905294244508,13.755806978571574,No
8.22811932369079,5.554440485357048,4.870269491055667,4.760905294244508,10.017802293452645,No
8.22811932369079,5.554440485357048,4.870269491055667,4.760905294244508,1.8354650785892082,No
8.22779153907557,5.554332068122035,4.870156806247053,4.760978337472507,1.7598187954365967,No
8.22779153907557,5.554332068122035,4.870156806247053,4.760978337472507,1.8093749330009512,No
8.226336927279196,5.554217741461678,4.870037979403331,4.76105536201863,1.749564538221252,No
8.226684710279851,5.554245075812392,4.870066389702471,4.761036946226979,1.748286734626757,No
8.226684710279851,5.554245075812392,4.870066389702471,4.761036946226979,1.7839113927802512,No
8.226684710279851,5.554245075812392,4.870066389702471,4.761036946226979,1.8158207659504115,No
8.226684710279851,5.554245075812392,4.870066389702471,4.761036946226979,1.7483165210475389,No
8.226684710279851,5.554245075812392,4.870066389702471,4.761036946226979,3.716901409892513,No
8.226684710279851,5.554245075812392,4.870066389702471,4.761036946226979,9.312602901597415,No
8.226684710279851,5.554245075812392,4.870066389702471,4.761036946226979,1.9429203777152275,No
8.226684710279851,5.554245075812392,4.870066389702471,4.761036946226979,1.7591453792876157,No
8.226821983462147,5.554471669157795,4.87050234362041,4.761000444820778,1.747801254674287,No
8.225188852169024,5.554035925448621,4.87009492252342,4.761320369000391,1.7453708520781899,No
8.225188852169024,5.554035925448621,4.87009492252342,4.761320369000391,1.7523361268277013,No
8.224119352740054,5.553750567100457,4.86982811199054,4.761529879851631,1.7448869518194843,No
8.224119352740054,5.553750567100457,4.86982811199054,4.761529879851631,1.7540222124807296,No
8.224119352740054,5.553750567100457,4.86982811199054,4.761529879851631,1.7608114502754841,No
8.224135897134,5.553754981390732,4.869832239359332,4.76174829550375,1.7442603562755115,No
8.224135897134,5.553754981390732,4.869832239359332,4.76174829550375,2.422667064407482,No
8.224135897134,5.553754981390732,4.869832239359332,4.76174829550375,2.0348582835815163,No
8.224135897134,5.553754981390732,4.869832239359332,4.76174829550375,1.7805938708318545,No
8.224135897134,5.553754981390732,4.869832239359332,4.76174829550375,1.750208239661248,No
8.224135897134,5.553754981390732,4.869832239359332,4.76174829550375,1.7454282366060188,No
8.224135897134,5.553754981390732,4.869832239359332,4.76174829550375,1.744534929252685,No
8.224135897134,5.553754981390732,4.869832239359332,4.76174829550375,4.43239413521394,No
8.224135897134,5.553754981390732,4.869832239359332,4.76174829550375,6.23162879795301,No
8.224135897134,5.553754981390732,4.869832239359332,4.76174829550375,1.8785089886463808,No
8.224135897134,5.553754981390732,4.869832239359332,4.76174829550375,1.768928545695682,No
8.224135897134,5.553754981390732,4.869832239359332,4.76174829550375,1.7498634155493966,No
8.224135897134,5.553754981390732,4.869832239359332,4.76174829550375,1.7458227107095796,No
8.224135897134,5.553754981390732,4.869832239359332,4.76174829550375,1.744853854714638,No
8.224135897134,5.553754981390732,4.869832239359332,4.76174829550375,6.047570861473487,No
8.224135897134,5.553754981390732,4.869832239359332,4.76174829550375,5.114719514373471,No
8.224135897134,5.553754981390732,4.869832239359332,4.76174829550375,1.7646821366126324,No
8.224135897134,5.553754981390732,4.869832239359332,4.76174829550375,1.7462512369609002,No
8.224135897134,5.553754981390732,4.869832239359332,4.76174829550375,1.744757933620685,No
8.224135897134,5.553754981390732,4.869832239359332,4.76174829550375,1.7445771804982608,No
8.224135897134,5.553754981390732,4.869832239359332,4.76174829550375,1.744544637816396,No
8.224135897134,5.553754981390732,4.869832239359332,4.76174829550375,2.216393475806556,No
8.224135897134,5.553754981390732,4.869832239359332,4.76174829550375,1.8584243741443913,No
8.220597106466647,5.553685344183356,4.869767128453946,4.761533884379014,1.7293526902851901,No
8.220597106466647,5.553685344183356,4.869767128453946,4.761533884379014,2.250589454030945,No
8.220597106466647,5.553685344183356,4.869767128453946,4.761533884379014,2.803645662489619,No
8.220597106466647,5.553685344183356,4.869767128453946,4.761533884379014,1.7839800035294882,No
8.220597106466647,5.553685344183356,4.869767128453946,4.761533884379014,1.7413746251155535,No
8.220597106466647,5.553685344183356,4.869767128453946,4.761533884379014,1.7322126179411321,No
8.220597106466647,5.553685344183356,4.869767128453946,4.761533884379014,1.7383475357066345,No
8.220597106466647,5.553685344183356,4.869767128453946,4.761533884379014,1.7316908565515488,No
8.220597106466647,5.553685344183356,4.869767128453946,4.761533884379014,1.7311079219609218,No
8.220597106466647,5.553685344183356,4.869767128453946,4.761533884379014,1.8621876791449512,No
8.220597106466647,5.553685344183356,4.869767128453946,4.761533884379014,1.8131335611457446,No
8.220597106466647,5.553685344183356,4.869767128453946,4.761533884379014,1.7300308536197924,No
8.220597106466647,5.553685344183356,4.869767128453946,4.761533884379014,1.7360616156179254,No
8.220597106466647,5.553685344183356,4.869767128453946,4.761533884379014,1.7471895505661967,No
8.221997081653905,5.5539585237745355,4.869098472929073,4.761846285331609,1.728562904912429,No
8.221961028710611,5.55395468941642,4.869091027494842,4.761831637487997,1.7213432400280708,No
8.221961028710611,5.55395468941642,4.869091027494842,4.761831637487997,1.7367207531320308,No
8.22170161455963,5.553927099803361,4.869037454864611,4.761726240880468,1.7091967705174445,No
8.22170161455963,5.553927099803361,4.869037454864611,4.761726240880468,1.7226439232196067,No
8.221737887028143,5.5539309575087605,4.869044945633853,4.761740977914332,1.7091956787918814,No
8.221719753738954,5.5539290289692795,4.86904120085743,4.761733610593943,1.7073509816673025,No
8.221719753738954,5.5539290289692795,4.86904120085743,4.761733610593943,1.7265562608034206,No
8.221755745509965,5.553932856821505,4.869048633658734,4.761748233584049,1.7038469386416868,No
8.221745781903785,5.553931797156725,4.869046576035479,4.761744185499987,1.7033849127941414,No
8.221745781903785,5.553931797156725,4.869046576035479,4.761744185499987,1.7111946448635322,No
8.22129932174869,5.553936371507559,4.869055458363957,4.76176166023073,1.6962220691798517,No
8.216579003605919,5.553984735042321,4.869149369132443,4.7619464164461025,1.6562131645140572,No
8.214494582658888,5.554075005813832,4.868828260012168,4.76215601006154,1.6352944707031094,No
8.214494582658888,5.554075005813832,4.868828260012168,4.76215601006154,1.6906284417663788,No
8.214494582658888,5.554075005813832,4.868828260012168,4.76215601006154,1.639473937424228,No
8.214494582658888,5.554075005813832,4.868828260012168,4.76215601006154,1.6610742857582494,No
8.212294010168328,5.553720663382826,4.868489257519627,4.762377282998268,1.619687933610678,No
8.21216824564793,5.549047427182503,4.868469883249491,4.762389928927853,1.5173780066965792,No
8.21216824564793,5.549047427182503,4.868469883249491,4.762389928927853,1.5217975618971906,No
8.212156272516436,5.549049800028872,4.8680207608585935,4.762391132855457,1.5140264292387873,No
8.212124684443683,5.549056060182597,4.866835865264103,4.762394309113295,1.5090061200777543,No
8.212136771259981,5.549053664806067,4.866838928066241,4.762843417757334,1.5079675547252018,No
8.212136771259981,5.549053664806067,4.866838928066241,4.762843417757334,1.51287122571454,No
8.212135168952035,5.549053982352951,4.866838522041025,4.762783880958621,1.5079380102364524,No
8.212135168952035,5.549053982352951,4.866838522041025,4.762783880958621,1.5173099830143157,No
8.212122644447625,5.549056464470919,4.866835348328614,4.762776445586825,1.5008219587417755,No
8.212089399550807,5.549063052975583,4.866826924063814,4.762756709223603,1.4921052190456048,No
8.212089399550807,5.549063052975583,4.866826924063814,4.762756709223603,1.50303643303551,No
8.212089399550807,5.549063052975583,4.866826924063814,4.762756709223603,1.4950961582913305,No
8.212085921026006,5.549063742352874,4.8668260426047985,4.762754644141876,1.4913417443485786,No
8.212085921026006,5.549063742352874,4.8668260426047985,4.762754644141876,1.5084267112578436,No
8.212085921026006,5.549063742352874,4.8668260426047985,4.762754644141876,1.492778175879792,No
8.212080821400559,5.549064753001401,4.866824750358491,4.762751616667896,1.4897866199527723,No
8.210475382666335,5.547308770388964,4.865995074535763,4.7630389993406865,1.4796239654108587,No
8.210475382666335,5.547308770388964,4.865995074535763,4.7630389993406865,1.5319178665627247,No
8.210767741138934,5.547628543659374,4.866146162678285,4.762986665509767,1.4786498145501432,No
8.210767741138934,5.547628543659374,4.866146162678285,4.762986665509767,1.4938489812727958,No
8.210410547698762,5.54785623318573,4.8662537426131705,4.762949402028803,1.4669897564381373,No
8.209412323719677,5.548492541469796,4.866554388869775,4.762845264337404,1.4530675698055036,No
8.209412323719677,5.548492541469796,4.866554388869775,4.762845264337404,1.4589541982205625,No
8.209384276063911,5.548215898551428,4.866807497761697,4.76275759261325,1.4521964013037783,No
8.209393428108413,5.548306168067048,4.866724907478138,4.762786200191999,1.4519369639019417,No
8.209433382817652,5.548126858463937,4.86693774199298,4.762911091137481,1.4465467950129427,No
8.209433382817652,5.548126858463937,4.86693774199298,4.762911091137481,1.4605657195261168,No
8.20947990441715,5.54791807782954,4.8671855576384315,4.763056508953234,1.444571273146827,No
8.20947990441715,5.54791807782954,4.8671855576384315,4.763056508953234,1.4482792108811526,No
8.209465816700723,5.547981300986192,4.867423775162286,4.76269921208665,1.4437522654739317,No
8.209468866710832,5.547967613085249,4.867372200738576,4.762776567352917,1.443737686026109,No
8.209468866710832,5.547967613085249,4.867372200738576,4.762776567352917,1.446340433149714,No
8.209456492693704,5.548023145465344,4.867581440308074,4.762777894940749,1.4431666549310855,No
8.209459201879358,5.54801098712372,4.867535629086536,4.762777604276701,1.4431188236740975,No
8.209459201879358,5.54801098712372,4.867535629086536,4.762777604276701,1.4496884202213591,No
8.209459201879358,5.54801098712372,4.867535629086536,4.762777604276701,1.4485159847435947,No
8.20945844767387,5.548014371863327,4.8675483823929335,4.762777685194161,1.4430870271925427,No
8.207112090877047,5.547074548184692,4.8681958488181545,4.7628010098878,1.40707119655116,No
8.207112090877047,5.547074548184692,4.8681958488181545,4.7628010098878,1.4845045565897823,No
8.192640933514046,5.5412781849182755,4.872189098497538,4.762944864953901,1.3188994973664774,No
8.192640933514046,5.5412781849182755,4.872189098497538,4.762944864953901,1.889930688803015,No
8.19299278193323,5.541419116372557,4.872092007535713,4.762941367294638,1.286624445260381,No
8.192837935768477,5.5413570933706096,4.872134736626569,4.7629429065913715,1.231866380797689,No
8.192837935768477,5.5413570933706096,4.872134736626569,4.7629429065913715,1.2679282360720474,No
8.189908801813825,5.5415356549971255,4.872011721362503,4.762938475020505,1.229684892163288,No
8.191184767749768,5.5414578714077,4.872065308289211,4.762940405466007,1.2280243341307278,No
8.191184767749768,5.5414578714077,4.872065308289211,4.762940405466007,1.288403427866989,No
8.191408974038527,5.53853109655194,4.8719444399221,4.76293605123616,1.21861909109683,No
8.191338239450896,5.539454461430128,4.871982572546089,4.762937424947194,1.2106557059322092,No
8.191338239450896,5.539454461430128,4.871982572546089,4.762937424947194,1.259702890591952,No
8.191338239450896,5.539454461430128,4.871982572546089,4.762937424947194,1.2311177588388964,No
8.191378324322773,5.539510678546082,4.871381480490223,4.762936646473286,1.209202123522558,No
8.191378324322773,5.539510678546082,4.871381480490223,4.762936646473286,1.2165297977294525,No
8.191378324322773,5.539510678546082,4.871381480490223,4.762936646473286,1.2127947820843767,No
8.191386935198024,5.53952275488685,4.871376990500462,4.762811844992078,1.2090839058206455,No
8.191374569998898,5.539505413286378,4.871383438116512,4.762810323197711,1.2078323494242464,No
8.191374569998898,5.539505413286378,4.871383438116512,4.762810323197711,1.2106114384350244,No
8.191324676230101,5.53943543966155,4.871409454346514,4.762804182734015,1.2060195781080758,No
8.189048636405506,5.538358664683752,4.871894072428264,4.762807508542777,1.1842290971575964,Yes
8.189048636405506,5.538358664683752,4.871894072428264,4.762807508542777,1.229508482047502,No
8.16098544863095,5.525082210525808,4.8778693317713335,4.762848515204785,1.0744775263393267,Yes
8.16098544863095,5.525082210525808,4.8778693317713335,4.762848515204785,10.758594614058367,No
8.16098544863095,5.525082210525808,4.8778693317713335,4.762848515204785,13.868991954403182,No
8.16098544863095,5.525082210525808,4.8778693317713335,4.762848515204785,1.122210434176433,Yes
8.16098544863095,5.525082210525808,4.8778693317713335,4.762848515204785,1.4393202066878361,No
8.16098544863095,5.525082210525808,4.8778693317713335,4.762848515204785,2.1682110215337547,No
8.16082809138329,5.525007766157558,4.877902836531085,4.7628487451393,1.0499315646023022,Yes
8.16082809138329,5.525007766157558,4.877902836531085,4.7628487451393,1.1411035118330533,Yes
8.155566504508451,5.525160925374221,4.877833905020498,4.7628482720801415,1.0388301745025175,Yes
8.15746780472721,5.525105580540225,4.877858813759873,4.7628484430223885,1.0365610145982387,Yes
8.15746780472721,5.525105580540225,4.877858813759873,4.7628484430223885,1.0764144235298583,Yes
8.15746780472721,5.525105580540225,4.877858813759873,4.7628484430223885,1.227313756036918,No
8.15746780472721,5.525105580540225,4.877858813759873,4.7628484430223885,1.046073801731832,Yes
8.15746780472721,5.525105580540225,4.877858813759873,4.7628484430223885,1.0377793861181643,Yes
8.15746780472721,5.525105580540225,4.877858813759873,4.7628484430223885,1.0451907676480214,Yes
8.157492060164213,5.525589585443689,4.8765498498704645,4.762848369861509,1.0309652522996071,Yes
8.157492060164213,5.525589585443689,4.8765498498704645,4.762848369861509,1.2650974486069289,No
8.157565368071081,5.525695651305753,4.873950486670323,4.762848148745275,1.019971129032671,Yes
8.157565368071081,5.525695651305753,4.873950486670323,4.762848148745275,1.0299144224660683,Yes
8.15760289671772,5.52574994979043,4.873934102263789,4.7615337233472,1.0167285028573443,Yes
8.157602293477055,5.525749076989065,4.873934365629009,4.761554851603128,1.0167022075674212,Yes
8.155208132524669,5.524777397279163,4.874113624729562,4.761466153843184,1.0124122623358809,Yes
8.155208132524669,5.524777397279163,4.874113624729562,4.761466153843184,1.0222059011974156,Yes
8.147943146748654,5.521828874012905,4.87465757930974,4.761197004033638,1.007266040282027,Yes
8.147943146748654,5.521828874012905,4.87465757930974,4.761197004033638,6.226328858967099,No
8.147943146748654,5.521828874012905,4.87465757930974,4.761197004033638,6.658129485357317,No
8.148006071865478,5.521854412420923,4.874652867888884,4.7611993352540605,1.0024731353353247,Yes
8.148006071865478,5.521854412420923,4.874652867888884,4.7611993352540605,2.805188703710889,No
8.148006071865478,5.521854412420923,4.874652867888884,4.7611993352540605,2.4428806138228425,No
8.147962399896816,5.521836687979381,4.874656137760031,4.761197717315305,0.9993811128932694,Yes
8.147962399896816,5.521836687979381,4.874656137760031,4.761197717315305,1.0470402598913935,Yes
8.147962399896816,5.521836687979381,4.874656137760031,4.761197717315305,1.1883824000558254,Yes
8.148019032999859,5.521859672748672,4.8746518974439805,4.761199815432131,0.9949561443106328,Yes
8.150342678411752,5.521926652619283,4.8746395407473875,4.761205929550213,0.9913883021771113,Yes
8.150342678411752,5.521926652619283,4.8746395407473875,4.761205929550213,1.0089655036994576,Yes
8.149974839932543,5.521916049549805,4.87464149684123,4.761204961671085,0.9910344613761538,Yes
8.149974839932543,5.521916049549805,4.87464149684123,4.761204961671085,1.0121921313076168,Yes
8.149974839932543,5.521916049549805,4.87464149684123,4.761204961671085,1.0114282951767442,Yes
8.149973850422413,5.521894707330697,4.8746416122697775,4.76120490455681,0.9909415224265901,Yes
8.149973850422413,5.521894707330697,4.8746416122697775,4.76120490455681,7.063609764164855,No
8.149973850422413,5.521894707330697,4.8746416122697775,4.76120490455681,6.102683700574229,No
8.149896858764594,5.521837657457135,4.873047051164222,4.7612004606177605,0.9832356747101574,Yes
8.147626488465164,5.520685175985903,4.872785608107174,4.761096040971422,0.9794367187196893,Yes
8.147626488465164,5.520685175985903,4.872785608107174,4.761096040971422,0.9899793484429975,Yes
8.145832687679999,5.519774609912825,4.872579044111369,4.761013539872973,0.9791478238927942,Yes
8.145832687679999,5.519774609912825,4.872579044111369,4.761013539872973,1.4399168186798015,No
8.145832687679999,5.519774609912825,4.872579044111369,4.761013539872973,1.148433608886315,Yes
8.145832687679999,5.519774609912825,4.872579044111369,4.761013539872973,0.9887512728722202,Yes
8.145850948427842,5.519783879402277,4.8725811469162466,4.760475194872739,0.9775428860057087,Yes
8.145831539957737,5.5197740273080225,4.872578911946137,4.760469900718813,0.9737941287350445,Yes
8.145831539957737,5.5197740273080225,4.872578911946137,4.760469900718813,0.9821975671848298,Yes
8.145760930997895,5.519738184909125,4.872570781015989,4.7604506403288935,0.9701949307763074,Yes
8.145760930997895,5.519738184909125,4.872570781015989,4.7604506403288935,0.9720716931462281,Yes
8.145760930997895,5.519738184909125,4.872570781015989,4.7604506403288935,0.9834586689845,Yes
8.145753528865365,5.519734427451326,4.872569928628096,4.760448621208953,0.9695761412821436,Yes
8.145733701460923,5.519724362698343,4.8725676454158675,4.7604432127800305,0.9505650670016259,Yes
8.145733701460923,5.519724362698343,4.8725676454158675,4.7604432127800305,1.0063168593953655,Yes
8.145733701460923,5.519724362698343,4.8725676454158675,4.7604432127800305,0.9517843783951543,Yes
8.145733701460923,5.519724362698343,4.8725676454158675,4.7604432127800305,0.9527837213516702,Yes
8.145140503171781,5.51972933390126,4.872568773144616,4.760445884122057,0.9503606397398133,Yes
8.145140503171781,5.51972933390126,4.872568773144616,4.760445884122057,0.9514507357209618,Yes
8.145140503171781,5.51972933390126,4.872568773144616,4.760445884122057,0.9550773963487548,Yes
8.145140503171781,5.51972933390126,4.872568773144616,4.760445884122057,0.9538643124508511,Yes
8.145140503171781,5.51972933390126,4.872568773144616,4.760445884122057,0.9513521931746116,Yes
8.145140503171781,5.51972933390126,4.872568773144616,4.760445884122057,0.951837027714181,Yes
8.145140503171781,5.51972933390126,4.872568773144616,4.760445884122057,0.9591324674015484,Yes
8.143121794469106,5.519344741677437,4.872497203240863,4.760337341205737,0.9501192271003795,Yes
8.143121794469106,5.519344741677437,4.872497203240863,4.760337341205737,1.0775255193454605,Yes
8.143121794469106,5.519344741677437,4.872497203240863,4.760337341205737,1.0020319726488793,Yes
8.14320225134086,5.519374346150019,4.870975648097667,4.760347591128809,0.9464777722029415,Yes
8.14320225134086,5.519374346150019,4.870975648097667,4.760347591128809,0.9589918783622916,Yes
8.14320225134086,5.519374346150019,4.870975648097667,4.760347591128809,0.9688610345122379,Yes
8.143188615019225,5.519369328603337,4.8709762744069955,4.76060311005134,0.9459135032745339,Yes
8.14316616858355,5.519361069335048,4.87097730536039,4.760585795060073,0.9436005516188748,Yes
8.14316616858355,5.519361069335048,4.87097730536039,4.760585795060073,0.9507650054350294,Yes
8.14315694016158,5.519357673695132,4.870977729217127,4.760578676333156,0.9431312082789483,Yes
8.14313372297577,5.519349130825819,4.870978795570683,4.760560766791734,0.9331017721541391,Yes
8.14313372297577,5.519349130825819,4.870978795570683,4.760560766791734,0.9610884357329936,Yes
8.143115959544058,5.519342594690178,4.870979611436083,4.76054706423025,0.9296842162485323,Yes
8.143092868943086,5.519334098398333,4.870980671975663,4.760529252335303,0.9234431908605589,Yes
8.143092868943086,5.519334098398333,4.870980671975663,4.760529252335303,0.9465541793429153,Yes
8.143090856065806,5.5193333577509645,4.870980764426093,4.760527699618737,0.9234427823353166,Yes
8.14354204683246,5.519323910005406,4.870981943729758,4.760507893066133,0.9220449079630522,Yes
8.14354204683246,5.519323910005406,4.870981943729758,4.760507893066133,0.9251411907050978,Yes
8.145415075947255,5.519284689560733,4.87098683937537,4.760425670085451,0.92055619388022,Yes
8.146747349694039,5.5188847236424685,4.869424183481312,4.760394657857211,0.9021970899722317,Yes
8.146747349694039,5.5188847236424685,4.869424183481312,4.760394657857211,0.950828282364694,Yes
8.148134380269497,5.518468319011578,4.867797301987016,4.7603623710175995,0.8974666582057991,Yes
8.148169244708669,5.518915850976744,4.867756408648469,4.7603615594547,0.8942778869319218,Yes
8.148169244708669,5.518915850976744,4.867756408648469,4.7603615594547,0.9046207519882483,Yes
8.148179849230576,5.519051974277208,4.867743970349882,4.760361312606142,0.8940030116681416,Yes
8.148220983350852,5.519084866905484,4.86819084227751,4.760360355099676,0.8918049625517717,Yes
8.148220983350852,5.519084866905484,4.86819084227751,4.760360355099676,0.8979219799618315,Yes
8.148252954967669,5.519110432798235,4.868538174806836,4.760359610874939,0.8915741787522432,Yes
8.14829015902013,5.519140182773675,4.868495570653549,4.760805525550168,0.8898343788021756,Yes
8.14829015902013,5.519140182773675,4.868495570653549,4.760805525550168,0.8952614804007796,Yes
8.148304793220941,5.519151884915939,4.868478812324997,4.760980925929165,0.8897869402250548,Yes
8.148304793220941,5.519151884915939,4.868478812324997,4.760980925929165,0.8929833935012897,Yes
8.14827281132355,5.5191263108023945,4.868515436336867,4.761014271788147,0.8887161695892484,Yes
8.148272692023259,5.519126215404703,4.868515572953379,4.761014396176348,0.8887152003504123,Yes
8.148304493229135,5.519151645029468,4.86847915586007,4.760981238714999,0.8840731034828809,Yes
8.148304493229135,5.519151645029468,4.86847915586007,4.760981238714999,0.9037823872226386,Yes
8.148302753106165,5.519150253551599,4.868481148558737,4.760983053050603,0.883975882695462,Yes
8.148333758245748,5.519175046607195,4.868445643079306,4.7609507256061265,0.8751667236649241,Yes
8.148333758245748,5.519175046607195,4.868445643079306,4.7609507256061265,0.9096814681655985,Yes
8.14833442058552,5.519175576242831,4.868444884602114,4.760950035018936,0.8751313146009239,Yes
8.149783385157285,5.519121419796253,4.867183230749671,4.761210294188525,0.8680670670133281,Yes
8.149783385157285,5.519121419796253,4.867183230749671,4.761210294188525,0.8937937005060586,Yes
8.149941444896713,5.519115512161241,4.8670456037275525,4.761238684459296,0.8680468278117537,Yes
8.149941444896713,5.519115512161241,4.8670456037275525,4.761238684459296,0.8755163089482936,Yes
8.149562640147929,5.519109446435069,4.866904293739979,4.7612678344673975,0.8620015723853689,Yes
8.148144171349376,5.51908673277231,4.866375145652632,4.761376989321193,0.8443991616079439,Yes
8.148021666199675,5.519484807836047,4.866476324578173,4.7613561177143815,0.8418008407702137,Yes
8.148021666199675,5.519484807836047,4.866476324578173,4.7613561177143815,0.8500169067055721,Yes
8.147977498781906,5.519628327905914,4.866512803141602,4.761348592765595,0.8416242970290033,Yes
8.147977498781906,5.519628327905914,4.866512803141602,4.761348592765595,0.8416907313883388,Yes
8.147977498781906,5.519628327905914,4.866512803141602,4.761348592765595,0.8422435275671246,Yes
8.147941810777889,5.519601921874355,4.866684651045754,4.761342512482525,0.8415646047530383,Yes
8.147941810777889,5.519601921874355,4.866684651045754,4.761342512482525,0.8463693240080074,Yes
8.148049673830236,5.5196817311896345,4.866584664686534,4.760941484507018,0.8398227774814877,Yes
8.148057082634438,5.51968721306297,4.866577796909827,4.760913939043713,0.8398091112248357,Yes
8.147913067975185,5.519580654690153,4.8667112949069615,4.760970693258657,0.8376569173938548,Yes
8.147913067975185,5.519580654690153,4.8667112949069615,4.760970693258657,0.8428895676229801,Yes
8.147913067975185,5.519580654690153,4.8667112949069615,4.760970693258657,0.8383259891747001,Yes
8.147913067975185,5.519580654690153,4.8667112949069615,4.760970693258657,0.8388172639480699,Yes
8.147913067975185,5.519580654690153,4.8667112949069615,4.760970693258657,0.846346316773877,Yes
8.14757664788651,5.519331732966364,4.867023147938222,4.761103271831721,0.8375786421848292,Yes
8.147050457026564,5.5194401668552455,4.866035906198363,4.761209678159634,0.8206271130217924,Yes
8.147050457026564,5.5194401668552455,4.866035906198363,4.761209678159634,0.86268341016223,Yes
8.147050457026564,5.5194401668552455,4.866035906198363,4.761209678159634,0.8213721086117394,Yes
8.14624857210566,5.519605413930076,4.864531405978502,4.761371835346953,0.8035987078883762,Yes
8.14624857210566,5.519605413930076,4.864531405978502,4.761371835346953,0.8533206917784459,Yes
8.146270457174596,5.519600904001619,4.864572466846674,4.761367409747805,0.800500966782071,Yes
8.146270457174596,5.519600904001619,4.864572466846674,4.761367409747805,0.8006120271669633,Yes
8.146270457174596,5.519600904001619,4.864572466846674,4.761367409747805,0.8013472226586397,Yes
8.146437347289474,5.519599051894298,4.864589329449982,4.761365592272283,0.8004304469592678,Yes
8.146437347289474,5.519599051894298,4.864589329449982,4.761365592272283,0.8075868753390827,Yes
8.14640806431675,5.519168110013274,4.864542306408101,4.761370660483048,0.7970238386166943,Yes
8.146396103027996,5.518992082110513,4.864523098789143,4.761372730707714,0.7969015821853427,Yes
8.146420205966443,5.5189479244147055,4.864960671430392,4.761368559042041,0.7964984188585784,Yes
8.146420205966443,5.5189479244147055,4.864960671430392,4.761368559042041,0.8001764104638714,Yes
8.146411538395068,5.518963803805554,4.864803317499935,4.761370059199794,0.7963146160114583,Yes
8.146411538395068,5.518963803805554,4.864803317499935,4.761370059199794,0.8012325195267267,Yes
8.146384954669273,5.519012506418295,4.864757086419599,4.760938281645642,0.7945112091675175,Yes
8.146382853588111,5.519016355695969,4.864753432482872,4.76090415551553,0.7945020101829741,Yes
8.146382853588111,5.519016355695969,4.864753432482872,4.76090415551553,0.7994293085041511,Yes
8.146343691062983,5.5190881032497145,4.864685325933049,4.760810819762063,0.7921621238178999,Yes
8.14632785629589,5.519117113273947,4.864657788092975,4.760773080879991,0.7918229545988018,Yes
8.14632785629589,5.519117113273947,4.864657788092975,4.760773080879991,0.7991255738048889,Yes
8.14632785629589,5.519117113273947,4.864657788092975,4.760773080879991,0.8018073901836897,Yes
8.14628952706453,5.519110525939514,4.864585187968631,4.760762946310318,0.7917231859320818,Yes
8.1463270230239,5.519116970066241,4.864656209776688,4.7607728605559,0.7882744957709612,Yes
8.1463270230239,5.519116970066241,4.864656209776688,4.7607728605559,0.8104747206050599,Yes
8.146316725234378,5.519115200268593,4.8646367045381735,4.760770137734134,0.7877066457456485,Yes
8.146316725234378,5.519115200268593,4.8646367045381735,4.760770137734134,0.7934431811677806,Yes
8.146316725234378,5.519115200268593,4.8646367045381735,4.760770137734134,0.7948743438569876,Yes
8.146319412338803,5.519115662079458,4.8646417942336475,4.760770848227042,0.7876705112643996,Yes
8.146319412338803,5.519115662079458,4.8646417942336475,4.760770848227042,1.011151903834976,Yes
8.146319412338803,5.519115662079458,4.8646417942336475,4.760770848227042,0.9517755480586438,Yes
8.146319412338803,5.519115662079458,4.8646417942336475,4.760770848227042,0.7879848466927915,Yes
8.146201801965635,5.519114144470493,4.864625068409162,4.760768513395868,0.7874998858296561,Yes
8.146201801965635,5.519114144470493,4.864625068409162,4.760768513395868,0.7934543677797992,Yes
8.146175473745835,5.518734402290655,4.864568055253131,4.760760554679443,0.7863156756174265,Yes
8.146182101928963,5.518830003160326,4.864582408431652,4.760762558302565,0.7861361820862186,Yes
8.14620353880609,5.518791724667731,4.864976300427187,4.760769038422655,0.7856542888724106,Yes
8.14620353880609,5.518791724667731,4.864976300427187,4.760769038422655,0.7884000508460662,Yes
8.146198617464819,5.518800512399466,4.864885873219783,4.760767550758093,0.7856216960157333,Yes
8.146198617464819,5.518800512399466,4.864885873219783,4.760767550758093,0.7870790182153139,Yes
8.146198617464819,5.518800512399466,4.864885873219783,4.760767550758093,0.7861705844320074,Yes
8.146193375588842,5.518809872490006,4.864875631864246,4.760679890681314,0.7855706403019362,Yes
8.146040262714669,5.518460063803504,4.865123657671604,4.760573789074048,0.7833137840598243,Yes
8.146040262714669,5.518460063803504,4.865123657671604,4.760573789074048,0.7930414463127147,Yes
8.146040262714669,5.518460063803504,4.865123657671604,4.760573789074048,0.7833175953077802,Yes
8.146054670246713,5.518492979911224,4.865100319073943,4.76058377296544,0.7828783631867142,Yes
8.146054670246713,5.518492979911224,4.865100319073943,4.76058377296544,0.7839593848246414,Yes
8.14606155411126,5.51850870710352,4.865089167979882,4.760588543231144,0.7824356797724001,Yes
8.146066627951441,5.518520299031234,4.865080948923749,4.760592059216336,0.7820991206595598,Yes
8.146066627951441,5.518520299031234,4.865080948923749,4.760592059216336,0.7834960857970288,Yes
8.146066450158843,5.518519892838119,4.865081236927961,4.760591936012585,0.7820986345711868,Yes
8.146066450158843,5.518519892838119,4.865081236927961,4.760591936012585,0.7826460268197333,Yes
8.146066450158843,5.518519892838119,4.865081236927961,4.760591936012585,0.7823731634714435,Yes
8.14606564104374,5.51851804429669,4.865082547604334,4.760591375325488,0.7820874302194487,Yes
8.14606564104374,5.51851804429669,4.865082547604334,4.760591375325488,0.7855549826804777,Yes
8.145493949103574,5.518463810544459,4.865121001109642,4.7605749255101975,0.7801008931743054,Yes
8.145012964961445,5.518418181818638,4.865153353369599,4.760561085713377,0.7793861426080742,Yes
8.145012964961445,5.518418181818638,4.865153353369599,4.760561085713377,0.7836590125865325,Yes
8.145012964961445,5.518418181818638,4.865153353369599,4.760561085713377,0.7805841857586406,Yes
8.145020162457227,5.518256533834021,4.8651628419762565,4.76055702663409,0.7793452873441282,Yes
8.145020162457227,5.518256533834021,4.8651628419762565,4.76055702663409,0.7824578179340268,Yes
8.145051228069006,5.518166687587071,4.864595942556766,4.760539506959872,0.7778653711822704,Yes
8.145051228069006,5.518166687587071,4.864595942556766,4.760539506959872,0.7778839614526782,Yes
8.14459399619227,5.517847423439887,4.864153315860977,4.760471026462709,0.7759692088850652,Yes
8.14459399619227,5.517847423439887,4.864153315860977,4.760471026462709,0.7802365413698689,Yes
8.14459399619227,5.517847423439887,4.864153315860977,4.760471026462709,0.7771967271389718,Yes
8.14459399619227,5.517847423439887,4.864153315860977,4.760471026462709,0.7857600284522259,Yes
8.142812537381786,5.516775405541164,4.863348768665525,4.759654920332189,0.7720786478074237,Yes
8.142850431025305,5.516798208574197,4.863365882294221,4.759084830881051,0.7712172445497698,Yes
8.142813297572022,5.516775862996333,4.863349111984674,4.759072387075726,0.7663136516599204,Yes
8.142813297572022,5.516775862996333,4.863349111984674,4.759072387075726,0.776821908726161,Yes
8.142813297572022,5.516775862996333,4.863349111984674,4.759072387075726,0.7785730757614857,Yes
8.142780857523945,5.516756341741074,4.863334461323348,4.759061516079163,0.7626988188636468,Yes
8.142780857523945,5.516756341741074,4.863334461323348,4.759061516079163,0.7783201901696687,Yes
8.142815996194422,5.516777486930324,4.863350330743745,4.759073291412081,0.7576888987767346,Yes
8.142815016666498,5.516776897485617,4.863349888366723,4.759072963162114,0.7576526122038652,Yes
8.142815016666498,5.516776897485617,4.863349888366723,4.759072963162114,0.7710118859490955,Yes
8.142815016666498,5.516776897485617,4.863349888366723,4.759072963162114,0.7661020502571992,Yes
8.142818991222992,5.516779289230896,4.863351683366563,4.759074295077218,0.7576415011414458,Yes
8.142963437825347,5.516773187295001,4.86334710387641,4.759070897031177,0.7576236479953276,Yes
8.142963437825347,5.516773187295001,4.86334710387641,4.759070897031177,0.7577221094337558,Yes
8.14293230798749,5.516774502329567,4.863348090807107,4.759071629347622,0.7576221591903838,Yes
8.14293230798749,5.516774502329567,4.863348090807107,4.759071629347622,0.7597389292749227,Yes
8.142935896632226,5.516629996347668,4.863352755457898,4.759075090584052,0.7558173534146797,Yes
8.142954863680831,5.515866239502336,4.863377409516683,4.75909338424209,0.7522206597944415,Yes
8.142602470604698,5.515487957940501,4.863212306209334,4.758852940346661,0.7489116308723596,Yes
8.142602470604698,5.515487957940501,4.863212306209334,4.758852940346661,0.75582775529013,Yes
8.138866524741971,5.511477551574438,4.861461939758382,4.75630383981891,0.7296968563624362,Yes
8.138866524741971,5.511477551574438,4.861461939758382,4.75630383981891,0.8024896174238759,Yes
8.138866524741971,5.511477551574438,4.861461939758382,4.75630383981891,0.7759709620003725,Yes
8.138927064646511,5.511542539030757,4.861035067879167,4.756345147243665,0.7273138323078907,Yes
8.138927064646511,5.511542539030757,4.861035067879167,4.756345147243665,0.7353637400363622,Yes
8.138927064646511,5.511542539030757,4.861035067879167,4.756345147243665,0.733863790049168,Yes
8.138935004705997,5.5115510624051005,4.861033520093826,4.756296126652203,0.7272943943768129,Yes
8.138935004705997,5.5115510624051005,4.861033520093826,4.756296126652203,0.7295680327303267,Yes
8.13896294864119,5.511581059235811,4.861028072878553,4.756342240741038,0.7254128180995447,Yes
8.139083084634391,5.5117100209953325,4.861004654322346,4.7565404934862086,0.7236074349579361,Yes
8.139054649160851,5.511679496515509,4.861010197355018,4.756493568243078,0.7189378668249851,Yes
8.139054649160851,5.511679496515509,4.861010197355018,4.756493568243078,0.7311736546296052,Yes
8.139023027286155,5.5116455515462155,4.861016361524725,4.756441384685935,0.7180688249704128,Yes
8.139023027286155,5.5116455515462155,4.861016361524725,4.756441384685935,0.71876851074716,Yes
8.139023027286155,5.5116455515462155,4.861016361524725,4.756441384685935,0.7214236135153504,Yes
8.139013765532054,5.5116356093792325,4.861018166952917,4.756426100605563,0.7178478291681903,Yes
8.139013765532054,5.5116356093792325,4.861018166952917,4.756426100605563,0.7193575688285135,Yes
8.138780424307033,5.511674455608992,4.861011112748488,4.7564858188640455,0.7165631585952602,Yes
8.137565207858962,5.511876762669586,4.86097437519708,4.756796825245158,0.7133368261226323,Yes
8.137112278050008,5.511541499521177,4.860772431712883,4.756603829613877,0.710881196406795,Yes
8.137112278050008,5.511541499521177,4.860772431712883,4.756603829613877,0.7158591001801053,Yes
8.128506611679887,5.505171499701397,4.856935505513143,4.752936912619528,0.6730951699425575,Yes
8.128506611679887,5.505171499701397,4.856935505513143,4.752936912619528,1.1222165604548187,Yes
8.128506611679887,5.505171499701397,4.856935505513143,4.752936912619528,1.3378089762227126,No
8.128506611679887,5.505171499701397,4.856935505513143,4.752936912619528,0.6851962619172687,Yes
8.127337318666333,5.505617989856829,4.858471024929389,4.752438671084431,0.6726340447632998,Yes
8.127337318666333,5.505617989856829,4.858471024929389,4.752438671084431,0.7170946163110847,Yes
8.12720821036482,5.505586537152317,4.858721322599546,4.752383657398731,0.6714378197815851,Yes
8.126189139024163,5.505338276201013,4.858663923298704,4.753982462709244,0.6680381403744027,Yes
8.126189139024163,5.505338276201013,4.858663923298704,4.753982462709244,0.691457664374904,Yes
8.126490222142277,5.505411624531344,4.858680881837116,4.753510098048459,0.6668056270582504,Yes
8.12583541654127,5.505252104137687,4.8586439998425135,4.752978852718413,0.653837993605942,Yes
8.12583541654127,5.505252104137687,4.8586439998425135,4.752978852718413,0.6910196547112235,Yes
8.125407796988398,5.505147929647879,4.858619914126055,4.7526319239655885,0.6494546653599436,Yes
8.125407796988398,5.505147929647879,4.858619914126055,4.7526319239655885,0.7240507804217715,Yes
8.126023266183436,5.50529786710737,4.858654580493439,4.7531312555766005,0.6449817632768062,Yes
8.125754790104281,5.505232462337209,4.858639458549939,4.752913440299731,0.6322582955827051,Yes
8.125754790104281,5.505232462337209,4.858639458549939,4.752913440299731,0.7174199593008922,Yes
8.125754790104281,5.505232462337209,4.858639458549939,4.752913440299731,0.707270234139538,Yes
8.125774949210458,5.505237373395618,4.858640594013722,4.752929795430166,0.6322084539291414,Yes
8.124792160972426,5.5046839407797,4.85844605946062,4.752607455477194,0.6267103232599687,Yes
8.124792160972426,5.5046839407797,4.85844605946062,4.752607455477194,0.6378559796341859,Yes
8.106119184449811,5.494168721077282,4.85474990295168,4.746482996370717,0.5500484333086543,Yes
8.106119184449811,5.494168721077282,4.85474990295168,4.746482996370717,1.3923953014354993,No
8.106119184449811,5.494168721077282,4.85474990295168,4.746482996370717,1.1992932646086887,No
8.106119184449811,5.494168721077282,4.85474990295168,4.746482996370717,0.5562040988399598,Yes
8.106119184449811,5.494168721077282,4.85474990295168,4.746482996370717,0.6584767289012647,Yes
8.106119184449811,5.494168721077282,4.85474990295168,4.746482996370717,0.5901801146942357,Yes
8.105715154239203,5.49408863636265,4.8551351999493955,4.7471214259666095,0.5459193274699579,Yes
8.105715154239203,5.49408863636265,4.8551351999493955,4.7471214259666095,0.5700150756936067,Yes
8.105715154239203,5.49408863636265,4.8551351999493955,4.7471214259666095,0.6020609048992436,Yes
8.105517091249073,5.493825167369438,4.85563571228764,4.7468695869243325,0.5456284211719613,Yes
8.105200247749103,5.49340369318141,4.855609132103399,4.747293972460254,0.534710747910494,Yes
8.105200247749103,5.49340369318141,4.855609132103399,4.747293972460254,0.5589254520053271,Yes
8.103904834292248,5.491680497550314,4.855500459120189,4.7490290711262535,0.5254106419454777,Yes
8.103904834292248,5.491680497550314,4.855500459120189,4.7490290711262535,0.5293654862211079,Yes
8.103904834292248,5.491680497550314,4.855500459120189,4.7490290711262535,0.5309849095802064,Yes
8.103904834292248,5.491680497550314,4.855500459120189,4.7490290711262535,0.5255355689741307,Yes
8.103904834292248,5.491680497550314,4.855500459120189,4.7490290711262535,3.5794426431309216,No
8.103904834292248,5.491680497550314,4.855500459120189,4.7490290711262535,5.690188389795701,No
8.103660063543204,5.4913548965747045,4.8554799251606555,4.747952333527255,0.5100789562212555,Yes
8.101776294278427,5.490172372570388,4.855210696057185,4.747528348077347,0.5042239964968459,Yes
8.101776294278427,5.490172372570388,4.855210696057185,4.747528348077347,0.5165552964996053,Yes
8.084968358602765,5.479621299373098,4.852808498751088,4.743745336907815,0.49196569991434447,Yes
8.084968358602765,5.479621299373098,4.852808498751088,4.743745336907815,0.7435483869694469,Yes
8.084968358602765,5.479621299373098,4.852808498751088,4.743745336907815,1.0452238494610206,Yes
8.085016826851435,5.479651725003546,4.852815425853775,4.743756245798093,0.48402831623509535,Yes
8.085016826851435,5.479651725003546,4.852815425853775,4.743756245798093,2.531492534444041,No
8.085016826851435,5.479651725003546,4.852815425853775,4.743756245798093,3.241047437803517,No
8.087301415174652,5.479733747938816,4.852834100283424,4.743785654529744,0.46429426025444864,Yes
8.087301415174652,5.479733747938816,4.852834100283424,4.743785654529744,0.6629112581399781,Yes
8.087301415174652,5.479733747938816,4.852834100283424,4.743785654529744,0.8415897451952081,Yes
8.087301415174652,5.479733747938816,4.852834100283424,4.743785654529744,0.4738234424118547,Yes
8.087301415174652,5.479733747938816,4.852834100283424,4.743785654529744,0.522082195673818,Yes
8.08728276065102,5.480878919193103,4.850910320379373,4.7437758248901165,0.45619032872304244,Yes
8.087279150847491,5.480874738525361,4.850763833878861,4.74377392277412,0.45575460987702326,Yes
8.087279150847491,5.480874738525361,4.850763833878861,4.74377392277412,0.4687219898891622,Yes
8.087279150847491,5.480874738525361,4.850763833878861,4.74377392277412,0.4578764815449204,Yes
8.087262320127383,5.480855246149094,4.850766967417327,4.743078926852536,0.4543572452646579,Yes
8.08731315427089,5.480914119343238,4.850757503131601,4.743173727005873,0.43793665739780174,Yes
8.08731315427089,5.480914119343238,4.850757503131601,4.743173727005873,0.4981765416282957,Yes
8.08731315427089,5.480914119343238,4.850757503131601,4.743173727005873,0.43816490225283033,Yes
8.085624604629498,5.47983853641038,4.850267054693818,4.742688884576066,0.43742111718482085,Yes
8.085624604629498,5.47983853641038,4.850267054693818,4.742688884576066,0.4402714146692483,Yes
8.085547027278741,5.479789000176444,4.850244632160375,4.742666244485374,0.4374199073615367,Yes
8.085547027278741,5.479789000176444,4.850244632160375,4.742666244485374,0.5865651016287081,Yes
8.085547027278741,5.479789000176444,4.850244632160375,4.742666244485374,0.48671355472210753,Yes
8.085466843648756,5.479737799729224,4.850221456322229,4.742642843780953,0.4306007241321173,Yes
8.085466843648756,5.479737799729224,4.850221456322229,4.742642843780953,0.5304981813391015,Yes
8.085466843648756,5.479737799729224,4.850221456322229,4.742642843780953,0.5277983592219254,Yes
8.085464669227564,5.47973641127453,4.850220827839413,4.742642209200208,0.4304958694563629,Yes
8.085464669227564,5.47973641127453,4.850220827839413,4.742642209200208,2.7731664725840472,No
8.085464669227564,5.47973641127453,4.850220827839413,4.742642209200208,1.6124559781198853,No
8.085464669227564,5.47973641127453,4.850220827839413,4.742642209200208,0.4550888206103157,Yes
8.084437217913896,5.479657303830828,4.8501850199234475,4.742606053853759,0.4276504254907685,Yes
8.084437217913896,5.479657303830828,4.8501850199234475,4.742606053853759,0.44606827963737866,Yes
8.084437217913896,5.479657303830828,4.8501850199234475,4.742606053853759,0.4366692605036873,Yes
8.084437217913896,5.479657303830828,4.8501850199234475,4.742606053853759,0.4276535811661415,Yes
8.084437217913896,5.479657303830828,4.8501850199234475,4.742606053853759,3.8937214475429007,No
8.084437217913896,5.479657303830828,4.8501850199234475,4.742606053853759,4.116058848886732,No
8.084437217913896,5.479657303830828,4.8501850199234475,4.742606053853759,0.42846604785788756,Yes
8.084437217913896,5.479657303830828,4.8501850199234475,4.742606053853759,0.49015102233715135,Yes
8.084437217913896,5.479657303830828,4.8501850199234475,4.742606053853759,0.5992326876164777,Yes
8.084529092116126,5.479475241267304,4.850567407527365,4.744078447482676,0.4259474823346673,Yes
8.08248144365799,5.478414584433568,4.850428537399349,4.744735742871745,0.4247378998140752,Yes
8.08248144365799,5.478414584433568,4.850428537399349,4.744735742871745,0.43280631237045186,Yes
8.083066837852506,5.478717811459855,4.850468238436121,4.744547831268406,0.4244920047224171,Yes
8.083066837852506,5.478717811459855,4.850468238436121,4.744547831268406,0.4452531552916634,Yes
8.083066837852506,5.478717811459855,4.850468238436121,4.744547831268406,0.42744538398058674,Yes
8.082858159240308,5.478609718493408,4.85045408599434,4.74461481712677,0.4232288239121479,Yes
8.082858159240308,5.478609718493408,4.85045408599434,4.74461481712677,0.4738165622007233,Yes
8.082858159240308,5.478609718493408,4.85045408599434,4.74461481712677,0.48645656266261716,Yes
8.082858159240308,5.478609718493408,4.85045408599434,4.74461481712677,0.4235892906943006,Yes
8.082858159240308,5.478609718493408,4.85045408599434,4.74461481712677,0.43361750344827216,Yes
8.082759449659614,5.478558588139024,4.850447391577604,4.744646502913453,0.41763408810836966,Yes
8.082638206257814,5.47849578554117,4.850439168932423,4.744685422059286,0.4173491173146006,Yes
8.082638206257814,5.47849578554117,4.850439168932423,4.744685422059286,0.42054489825801455,Yes
8.082255632391773,5.478458126031814,4.850434238232201,4.744708759882667,0.41559399184885853,Yes
8.081980836249956,5.478431075862441,4.850430696596147,4.744725523034552,0.4152761192626542,Yes
8.081980836249956,5.478431075862441,4.850430696596147,4.744725523034552,0.4195179714413336,Yes
8.081931555092348,5.478050513265441,4.850425653135013,4.744749394574069,0.4122226064215874,Yes
8.081829564629988,5.477262914980233,4.850415215374256,4.744798798229963,0.4101799258433159,Yes
8.081882375593612,5.477300177420333,4.850791178363456,4.74477321687055,0.40943402032305354,Yes
8.081882375593612,5.477300177420333,4.850791178363456,4.74477321687055,0.41228945064870565,Yes
8.081884857932415,5.477301928912725,4.8508088502151505,4.744772014438389,0.40942963063123944,Yes
8.07990938624196,5.475678276568529,4.850989228790364,4.745290168955447,0.40938508970594695,Yes
8.07990938624196,5.475678276568529,4.850989228790364,4.745290168955447,0.42139739384508246,Yes
8.080889742426317,5.476484037351924,4.850899713333074,4.74503302733823,0.40674767042298177,Yes
8.080889742426317,5.476484037351924,4.850899713333074,4.74503302733823,0.41033739246406176,Yes
8.080830260540393,5.476435148823689,4.85090514457154,4.744641855566984,0.40421530475320616,Yes
8.080717542526305,5.476342505193971,4.850915436753848,4.743900586110954,0.4018770589439312,Yes
8.080717542526305,5.476342505193971,4.850915436753848,4.743900586110954,0.40350312757959983,Yes
8.080657357470619,5.47629303872618,4.8509209321981235,4.743906051165721,0.40180628709093646,Yes
8.080684711352076,5.47631552104975,4.850918434539368,4.743903567318884,0.40162736859355797,Yes
8.080684711352076,5.47631552104975,4.850918434539368,4.743903567318884,0.4090788688820071,Yes
8.080684711352076,5.47631552104975,4.850918434539368,4.743903567318884,0.4035215725821367,Yes
8.080666859958182,5.47630084887921,4.850920064534377,4.743905188300109,0.40128478988535665,Yes
8.080666859958182,5.47630084887921,4.850920064534377,4.743905188300109,0.41379612364461016,Yes
8.080608872974851,5.4762531890206185,4.850925359274608,4.743910453760713,0.39659012170940583,Yes
8.0806030396414,5.476248394567943,4.8509258919111335,4.743910983451787,0.396573197419237,Yes
8.0806030396414,5.476248394567943,4.8509258919111335,4.743910983451787,0.3996362300909912,Yes
8.080208616895577,5.476211414154916,4.850930000225476,4.7439150690473735,0.39438586217685123,Yes
8.079420630935022,5.476137533917051,4.85093820790127,4.743923231335165,0.392620641976435,Yes
8.079420630935022,5.476137533917051,4.85093820790127,4.743923231335165,0.39355577658439045,Yes
8.079420630935022,5.476137533917051,4.85093820790127,4.743923231335165,0.39295426097171915,Yes
8.0794174557136,5.476043615378955,4.850939132539109,4.743924150859807,0.3925521769463768,Yes
8.0794174557136,5.476043615378955,4.850939132539109,4.743924150859807,0.4006488378268853,Yes
8.0794174557136,5.476043615378955,4.850939132539109,4.743924150859807,0.4074681291473863,Yes
8.079086743319513,5.475874960314089,4.850956594620862,4.743810509479495,0.3918739255167111,Yes
8.079086743319513,5.475874960314089,4.850956594620862,4.743810509479495,0.4594538996723945,Yes
8.079086743319513,5.475874960314089,4.850956594620862,4.743810509479495,0.40098144338452474,Yes
8.079044799134909,5.475853569827063,4.8498426917934285,4.743796096366712,0.3853464429095689,Yes
8.079044799134909,5.475853569827063,4.8498426917934285,4.743796096366712,0.4331104304324287,Yes
8.079044799134909,5.475853569827063,4.8498426917934285,4.743796096366712,0.39833182181913973,Yes
8.079014164936792,5.475837947150795,4.849854995227348,4.742959720313985,0.38365152779754663,Yes
8.079014164936792,5.475837947150795,4.849854995227348,4.742959720313985,0.4072822894698015,Yes
8.079014164936792,5.475837947150795,4.849854995227348,4.742959720313985,0.4519006537673529,Yes
8.079040482712346,5.475851368559313,4.849844425372991,4.74296881671814,0.3812319730820296,Yes
8.079040482712346,5.475851368559313,4.849844425372991,4.74296881671814,0.404351454510784,Yes
8.079040482712346,5.475851368559313,4.849844425372991,4.74296881671814,0.38876563793949276,Yes
8.079033592574431,5.4758478547609855,4.849847192618807,4.742966435229665,0.38047484484524796,Yes
8.079033592574431,5.4758478547609855,4.849847192618807,4.742966435229665,0.4047213764072972,Yes
8.079006802256178,5.475834192367488,4.849857952257726,4.742957175497141,0.38042390868897236,Yes
8.07902014101678,5.4758409948023985,4.849852595089276,4.742961785869971,0.37697402982252154,Yes
8.07902014101678,5.4758409948023985,4.849852595089276,4.742961785869971,0.3828247165767603,Yes
8.07828953349042,5.475828205265494,4.849862667321425,4.7429531177189,0.37398831769626883,Yes
8.077893440021779,5.475821271512621,4.849868127907616,4.742948418344885,0.37367451277688735,Yes
8.0774497031467,5.4757565332209035,4.849556291060446,4.742664321206379,0.3697078042739897,Yes
8.0774497031467,5.4757565332209035,4.849556291060446,4.742664321206379,0.3784759513359709,Yes
8.0774497031467,5.4757565332209035,4.849556291060446,4.742664321206379,0.38826896124718874,Yes
8.077310804032354,5.475736268753628,4.849458679470503,4.7425753927374075,0.36874505482236897,Yes
8.077310804032354,5.475736268753628,4.849458679470503,4.7425753927374075,0.3791626998214255,Yes
8.077359045522758,5.475008603523025,4.849492581260313,4.74260627876503,0.36480902985994057,Yes
8.077364219878069,5.474930554556908,4.849496217547348,4.742609591583099,0.36460813898567357,Yes
8.077364219878069,5.474930554556908,4.849496217547348,4.742609591583099,0.3715653260479338,Yes
8.077416744461203,5.474902607840019,4.848768805438938,4.742643219808761,0.3637888813270205,Yes
8.077397492867247,5.474912851021666,4.849035420454516,4.742630894209826,0.36338693060309235,Yes
8.077397492867247,5.474912851021666,4.849035420454516,4.742630894209826,0.36679213035502056,Yes
8.07745245383662,5.4748836079785175,4.8490373572433,4.741902991931051,0.3631258195529583,Yes
8.077429537764008,5.474895800916667,4.8490365496958185,4.742206492063348,0.36264933363094415,Yes
8.077429537764008,5.474895800916667,4.8490365496958185,4.742206492063348,0.36615089148596813,Yes
8.077429537764008,5.474895800916667,4.8490365496958185,4.742206492063348,0.36584773242662433,Yes
8.077429537764008,5.474895800916667,4.8490365496958185,4.742206492063348,0.3626495103610166,Yes
8.077429537764008,5.474895800916667,4.8490365496958185,4.742206492063348,0.3659858062292053,Yes
8.077443429384083,5.47488840961244,4.849037039227467,4.742222703842423,0.3615024365981467,Yes
8.077443735800378,5.474888246577743,4.849037050025377,4.742223061435942,0.36150178234558905,Yes
8.077443735800378,5.474888246577743,4.849037050025377,4.742223061435942,0.3647594276374627,Yes
8.077456884868173,5.4748812503627695,4.849037513389966,4.742238406642693,0.36018723036673006,Yes
8.077456884868173,5.4748812503627695,4.849037513389966,4.742238406642693,0.36020807831798607,Yes
8.07727626379239,5.474483465363999,4.848687692835865,4.741943129681568,0.3579621953153613,Yes
8.07727626379239,5.474483465363999,4.848687692835865,4.741943129681568,0.364897887663868,Yes
8.077199617387832,5.474317324760388,4.8485410959649,4.741818284041188,0.35776387194670345,Yes
8.077199617387832,5.474317324760388,4.8485410959649,4.741818284041188,0.359430598400481,Yes
8.077023954199875,5.4743488658527175,4.848568926762079,4.741841985459051,0.3563433065412902,Yes
8.07609805494783,5.474515115105831,4.848715619501702,4.741966912743628,0.3537053005233321,Yes
8.07609805494783,5.474515115105831,4.848715619501702,4.741966912743628,0.35589942653935025,Yes
8.076078747032906,5.474341231493388,4.848752925885512,4.7419986838131365,0.3520635582503978,Yes
8.076031015847287,5.473911373012322,4.848845151169157,4.742077225220741,0.35027207717050823,Yes
8.076031015847287,5.473911373012322,4.848845151169157,4.742077225220741,0.3513377625468049,Yes
8.076006370966999,5.473911695508423,4.848670499675701,4.74211777823787,0.3496744478210329,Yes
8.075987226012366,5.473911946034015,4.848534824643808,4.742149281157103,0.34953850895810357,Yes
8.075987226012366,5.473911946034015,4.848534824643808,4.742149281157103,0.3496606284055938,Yes
8.075987226012366,5.473911946034015,4.848534824643808,4.742149281157103,0.3497091366770151,Yes
8.075987226012366,5.473911946034015,4.848534824643808,4.742149281157103,0.3495402020700474,Yes
8.075987226012366,5.473911946034015,4.848534824643808,4.742149281157103,0.3677866136366966,Yes
8.075987226012366,5.473911946034015,4.848534824643808,4.742149281157103,0.3691187654553935,Yes
8.075993077746357,5.473911869459839,4.84853473037757,4.742156342296251,0.3494733258477297,Yes
8.075993077746357,5.473911869459839,4.84853473037757,4.742156342296251,0.3572171950378613,Yes
8.075993077746357,5.473911869459839,4.84853473037757,4.742156342296251,0.3517513436916458,Yes
8.075978654958275,5.473912058192464,4.848534962715879,4.742190839298521,0.3492095641827848,Yes
8.075447932671896,5.473565081682656,4.848354787737955,4.742172817170845,0.34644098483762487,Yes
8.075447932671896,5.473565081682656,4.848354787737955,4.742172817170845,0.3525286500378149,Yes
8.07304421228064,5.4719935733188345,4.847538748390173,4.74209119226663,0.3455631919380304,Yes
8.07304421228064,5.4719935733188345,4.847538748390173,4.74209119226663,0.36869322504030344,Yes
8.073050389443205,5.471997611834574,4.847540845475894,4.742091402029089,0.33252253263676457,Yes
8.073055284932492,5.4720008124158035,4.847542507446189,4.742091568268826,0.32916125879244873,Yes
8.073447707920053,5.471996645314782,4.847540343589809,4.742091351827584,0.3291572127740833,Yes
8.073447707920053,5.471996645314782,4.847540343589809,4.742091351827584,0.330174518864084,Yes
8.073253069680835,5.471998712159057,4.847541416842929,4.742091459180475,0.3290291212965516,Yes
8.073253069680835,5.471998712159057,4.847541416842929,4.742091459180475,0.3333490880255002,Yes
8.073255198743157,5.471606273397592,4.84754359214577,4.742091676766657,0.3273143329008172,Yes
8.073255198743157,5.471606273397592,4.84754359214577,4.742091676766657,0.3273173132604468,Yes
8.073255198743157,5.471606273397592,4.84754359214577,4.742091676766657,0.32817101291725975,Yes
8.073255198743157,5.471606273397592,4.84754359214577,4.742091676766657,0.32881325614478285,Yes
8.073255244489124,5.47154390977763,4.847597570393868,4.742091681441809,0.3273113383405497,Yes
8.073255244489124,5.47154390977763,4.847597570393868,4.742091681441809,0.3281596415094045,Yes
8.073255774665963,5.471544402887255,4.84759805734691,4.741993572570107,0.32662234125277045,Yes
8.073257802586674,5.471546289026266,4.84759991993706,4.7416183071907225,0.3255728479551392,Yes
8.073257273154098,5.47154579660887,4.847599433667604,4.741618211245876,0.32547406590423034,Yes
8.073257273154098,5.47154579660887,4.847599433667604,4.741618211245876,0.3258107487727341,Yes
8.073257161943854,5.471545693173868,4.847599331524012,4.741618191092129,0.325472213869921,Yes
8.072791308511762,5.471140629019871,4.847439174213449,4.741520167642899,0.32292502483763763,Yes
8.072791308511762,5.471140629019871,4.847439174213449,4.741520167642899,0.32846353164212105,Yes
8.070352449670546,5.469020017202544,4.846600710769919,4.7410069904516785,0.31867292524449453,Yes
8.070352449670546,5.469020017202544,4.846600710769919,4.7410069904516785,0.8706202663027515,Yes
8.070352449670546,5.469020017202544,4.846600710769919,4.7410069904516785,0.7623340026639427,Yes
8.07036254058564,5.469028791352747,4.846604179959392,4.741009113751058,0.3169591405795092,Yes
8.07036254058564,5.469028791352747,4.846604179959392,4.741009113751058,0.35580446417999445,Yes
8.07036254058564,5.469028791352747,4.846604179959392,4.741009113751058,0.3668357963066278,Yes
8.070359589077249,5.46902622498709,4.846603165250444,4.741008492703722,0.31691264596114843,Yes
8.070359589077249,5.46902622498709,4.846603165250444,4.741008492703722,0.3191651247005427,Yes
8.070118581078258,5.4690374842974565,4.8466076170412276,4.741011217399125,0.3152609901993117,Yes
8.06957655673738,5.4690628063627225,4.84661762906977,4.741017345209139,0.3130158186616735,Yes
8.06957542734606,5.469304052913605,4.846612976371362,4.741014497549268,0.31241057985056636,Yes
8.06957542734606,5.469304052913605,4.846612976371362,4.741014497549268,0.31506054126912564,Yes
8.069575517182981,5.469284863065905,4.846613346468151,4.741014724065084,0.31240553522636993,Yes
8.069575517182981,5.469284863065905,4.846613346468151,4.741014724065084,0.3127878278111001,Yes
8.069575517182981,5.469284863065905,4.846613346468151,4.741014724065084,0.31313071841742907,Yes
8.06957534389219,5.4692838255573255,4.846650686306471,4.741014287127749,0.3123890501112379,Yes
8.06957534389219,5.4692838255573255,4.846650686306471,4.741014287127749,0.4432686373080567,Yes
8.06957534389219,5.4692838255573255,4.846650686306471,4.741014287127749,0.4330392739294713,Yes
8.069575709767651,5.469286016088783,4.846651249091646,4.7409358098393986,0.3123770855275456,Yes
8.069043639240428,5.468959430947794,4.846514225250103,4.740837187085243,0.31208862112211283,Yes
8.069043639240428,5.468959430947794,4.846514225250103,4.740837187085243,0.31310433767765644,Yes
8.068959884861679,5.468908022470546,4.846492656029229,4.740821662663043,0.3120838953231616,Yes
8.068959884861679,5.468908022470546,4.846492656029229,4.740821662663043,0.3151280831094274,Yes
8.068959884861679,5.468908022470546,4.846492656029229,4.740821662663043,0.3247659882627242,Yes
8.068970584202543,5.468914589731024,4.846495411424825,4.7408236458558894,0.31136819103240726,Yes
8.068970584202543,5.468914589731024,4.846495411424825,4.7408236458558894,0.3519406376510186,Yes
8.068970584202543,5.468914589731024,4.846495411424825,4.7408236458558894,0.34519499574547363,Yes
8.068969019731913,5.4689136294582115,4.846495008527531,4.7408233558710196,0.3113474598462143,Yes
8.068969019731913,5.4689136294582115,4.846495008527531,4.7408233558710196,0.3132825696504073,Yes
8.068969019731913,5.4689136294582115,4.846495008527531,4.7408233558710196,0.3151662822743764,Yes
8.068970417184522,5.468914487215283,4.8464953684127625,4.740823614898006,0.3112722253615544,Yes
8.068970417184522,5.468914487215283,4.8464953684127625,4.740823614898006,0.38025469464200745,Yes
8.068970417184522,5.468914487215283,4.8464953684127625,4.740823614898006,0.3705079218808649,Yes
8.068796580793656,5.468910938095266,4.846493879324626,4.7408225431285125,0.31098767186302745,Yes
8.068796580793656,5.468910938095266,4.846493879324626,4.7408225431285125,0.3254131433383608,Yes
8.068796580793656,5.468910938095266,4.846493879324626,4.7408225431285125,0.32868817809318396,Yes
8.06879738122667,5.468969226337533,4.846494375352993,4.740822900144366,0.3109852789210594,Yes
8.06879738122667,5.468969226337533,4.846494375352993,4.740822900144366,0.31132747140200207,Yes
8.06879738122667,5.468969226337533,4.846494375352993,4.740822900144366,0.31198456454457696,Yes
8.068798346106831,5.468970073329248,4.8465643897268835,4.740823330508316,0.31093945766624714,Yes
8.068798346106831,5.468970073329248,4.8465643897268835,4.740823330508316,0.31099957864903793,Yes
8.068798346106831,5.468970073329248,4.8465643897268835,4.740823330508316,0.31178366753139547,Yes
8.068557606909977,5.468872230054581,4.846537490535725,4.740788497154003,0.3108549834571574,Yes
8.068550259479885,5.4688692438494675,4.846536669564611,4.74085947628939,0.3108465442769484,Yes
8.068550259479885,5.4688692438494675,4.846536669564611,4.74085947628939,0.31096625224603774,Yes
8.068553330194614,5.468870491875499,4.846537012673434,4.740829811947742,0.31083757312065036,Yes
8.068553330194614,5.468870491875499,4.846537012673434,4.740829811947742,0.3108682821529003,Yes
8.068553330194614,5.468870491875499,4.846537012673434,4.740829811947742,0.31088724101901966,Yes
8.068552546024392,5.468870173166359,4.846536925053534,4.74082934462338,0.3108370172468736,Yes
8.068552546024392,5.468870173166359,4.846536925053534,4.74082934462338,0.34159807381055096,Yes
8.068552546024392,5.468870173166359,4.846536925053534,4.74082934462338,0.3490695516721888,Yes
8.068547554674414,5.468868144539392,4.846536367340958,4.740826370040342,0.3106445536498765,Yes
8.068547554674414,5.468868144539392,4.846536367340958,4.740826370040342,0.3129399870907487,Yes
8.068547554674414,5.468868144539392,4.846536367340958,4.740826370040342,0.3135236916643209,Yes
8.068546245526575,5.468867612464377,4.846536221062253,4.740825589856829,0.3106405795043783,Yes
8.068546245526575,5.468867612464377,4.846536221062253,4.740825589856829,0.31068965253685893,Yes
8.068489025771317,5.468870489727839,4.8465370120829965,4.74082980879862,0.3106193634421971,Yes
8.068474056685675,5.468871242439956,4.84653721901952,4.740830912503113,0.31061874054215666,Yes
8.068474056685675,5.468871242439956,4.84653721901952,4.740830912503113,0.3107039186142745,Yes
8.06847771473139,5.468814050104844,4.8465379982759,4.740835068699181,0.31061238979574934,Yes
8.068476180420049,5.468838038555298,4.8465376714287265,4.7408333254462915,0.31060547390337284,Yes
8.067895515585377,5.468600061783308,4.8464895149154215,4.740851340117764,0.31021087157751476,Yes
8.067895515585377,5.468600061783308,4.8464895149154215,4.740851340117764,0.31126291571925574,Yes
8.067314092794682,5.468361774374411,4.846441295542242,4.740869378304229,0.3100834685604297,Yes
8.067314092794682,5.468361774374411,4.846441295542242,4.740869378304229,0.31015501073830476,Yes
8.067317801403465,5.468363294292088,4.846383578995613,4.740869263247548,0.31007400619162573,Yes
8.06731651237504,5.468362766003124,4.8464036399601325,4.740869303238645,0.3100702598417578,Yes
8.06731651237504,5.468362766003124,4.8464036399601325,4.740869303238645,0.31015973163006005,Yes
8.067320186790255,5.468364271907081,4.8464040595241515,4.740811585281728,0.3100503095853582,Yes
8.067319404011737,5.468363951097048,4.846403970142391,4.74082388121838,0.3100487331276185,Yes
8.067315874347075,5.468362504516935,4.8464035671067505,4.740822784880357,0.30989206999883245,Yes
8.067315874347075,5.468362504516935,4.8464035671067505,4.740822784880357,0.31026259807176226,Yes
8.067307972208068,5.4683592659438025,4.846402664799036,4.7408203304218475,0.3097485057624106,Yes
8.06730438354174,5.468357795182742,4.846402255026275,4.740819215757503,0.30964957355619543,Yes
8.06730438354174,5.468357795182742,4.846402255026275,4.740819215757503,0.3101420230283811,Yes
8.067304972672314,5.46835803662907,4.846402322296297,4.7408193987454945,0.30964557766513723,Yes
8.067301339860077,5.468356547775469,4.846401907482725,4.740818270369126,0.3096040416714989,Yes
8.067301339860077,5.468356547775469,4.846401907482725,4.740818270369126,0.31002493922920626,Yes
8.067302709608278,5.468357109146222,4.846402063887765,4.740818695822301,0.30957999045819673,Yes
8.067360414363849,5.468355422722554,4.846401594028656,4.740817417711,0.30955865621711165,Yes
8.067360414363849,5.468355422722554,4.846401594028656,4.740817417711,0.3096263461878332,Yes
8.06738076318225,5.4683548280275645,4.846401428339059,4.7408169670019635,0.30955710528896785,Yes
8.066840743479686,5.468116614499004,4.8463342631072,4.740808902602449,0.3092783413586822,Yes
8.066840743479686,5.468116614499004,4.8463342631072,4.740808902602449,0.3099929462330506,Yes
8.066152382586074,5.467812964693985,4.846248647862419,4.740798622945559,0.30915504879325645,Yes
8.066152382586074,5.467812964693985,4.846248647862419,4.740798622945559,0.33557828927610867,Yes
8.066152382586074,5.467812964693985,4.846248647862419,4.740798622945559,0.3336684644795136,Yes
8.066160310458937,5.467789499427917,4.846249633895736,4.740798741336673,0.30913931083718615,Yes
8.066160310458937,5.467789499427917,4.846249633895736,4.740798741336673,0.3097535693495025,Yes
8.066160310458937,5.467789499427917,4.846249633895736,4.740798741336673,0.3106333353081074,Yes
8.066139434326965,5.467783153681374,4.8463151732541885,4.740798429582365,0.3091139253197508,Yes
8.066139434326965,5.467783153681374,4.8463151732541885,4.740798429582365,0.30917909620335254,Yes
8.066139434326965,5.467783153681374,4.8463151732541885,4.740798429582365,0.30917370960159724,Yes
8.066139959203522,5.467783313228822,4.846315231138621,4.7407967317178645,0.30911390957037294,Yes
8.066139959203522,5.467783313228822,4.846315231138621,4.7407967317178645,0.32168233016969316,Yes
8.066139959203522,5.467783313228822,4.846315231138621,4.7407967317178645,0.3216071820334472,Yes
8.066140406750934,5.467783449270425,4.846315280495041,4.7407969855729375,0.30911345009579216,Yes
8.066140406750934,5.467783449270425,4.846315280495041,4.7407969855729375,0.3119550738479247,Yes
8.066140406750934,5.467783449270425,4.846315280495041,4.7407969855729375,0.3155461394572395,Yes
8.066124737125199,5.467778686152742,4.846313552417488,4.740788097544843,0.30893805584282263,Yes
8.066124737125199,5.467778686152742,4.846313552417488,4.740788097544843,0.30895107213274864,Yes
8.066124737125199,5.467778686152742,4.846313552417488,4.740788097544843,0.3095156334873167,Yes
8.06611466725017,5.467775625198982,4.846312441891603,4.7407823857726745,0.30887049731591165,Yes
8.0655764118871,5.467529388700712,4.846274611083232,4.740767684254681,0.30882318934461817,Yes
8.0655764118871,5.467529388700712,4.846274611083232,4.740767684254681,0.30906378400948176,Yes
8.065671104768361,5.467572707996891,4.846281266489737,4.740770270627607,0.3088207552163999,Yes
8.065719841850486,5.467528997953926,4.846274551050431,4.740767660925197,0.308725274520156,Yes
8.065719841850486,5.467528997953926,4.846274551050431,4.740767660925197,0.30904888074213444,Yes
8.065730555344299,5.467519389515045,4.846273074847623,4.740767087254608,0.30872186539998875,Yes
8.065696543671345,5.4675596577309875,4.846264716958741,4.740763839276067,0.30871141656747153,Yes
8.065696543671345,5.4675596577309875,4.846264716958741,4.740763839276067,0.3088973551785925,Yes
8.065711396210215,5.46754207302578,4.846268366760668,4.74076525763404,0.30869514463096426,Yes
8.065711396210215,5.46754207302578,4.846268366760668,4.74076525763404,0.3087720940330129,Yes
8.065711396210215,5.46754207302578,4.846268366760668,4.74076525763404,0.30870504988322545,Yes
8.065720963456426,5.467554682230999,4.8462467814031704,4.740766171267734,0.3086883227260984,Yes
8.065696684784086,5.467522684020107,4.846242057484932,4.740823353542096,0.30868418647438955,Yes
8.065696684784086,5.467522684020107,4.846242057484932,4.740823353542096,0.3087853703842558,Yes
8.065707743276645,5.467537258621721,4.8462442091435545,4.74079730805877,0.30867454621264423,Yes
8.065707743276645,5.467537258621721,4.8462442091435545,4.74079730805877,0.30875923976002456,Yes
8.065707743276645,5.467537258621721,4.8462442091435545,4.74079730805877,0.3086847392423275,Yes
8.065713012164641,5.467544202781885,4.846245234314773,4.740805688826375,0.30866722074846814,Yes
8.065697450805684,5.467523693602521,4.846242206530288,4.7407809367092035,0.3086405198073527,Yes
8.065697450805684,5.467523693602521,4.846242206530288,4.7407809367092035,0.30911372292759826,Yes
8.065704241724077,5.467532643731089,4.846243527844025,4.740791738439838,0.30860058993740563,Yes
8.065704241724077,5.467532643731089,4.846243527844025,4.740791738439838,0.3087129292254825,Yes
8.065704241724077,5.467532643731089,4.846243527844025,4.740791738439838,0.30892506481710424,Yes
8.065592860285633,5.467466703326099,4.846224825923066,4.740794276570281,0.30858769251694695,Yes
8.065591537430553,5.467465920165089,4.84622460380409,4.740794306715149,0.30847019031561423,Yes
8.065591537430553,5.467465920165089,4.84622460380409,4.740794306715149,0.3094211385865363,Yes
8.065591981748357,5.467466183211575,4.846224678408949,4.740794296590153,0.30842970188190555,Yes
8.065675816637546,5.467465375162899,4.846224449231369,4.74079432769298,0.30842473721821484,Yes
8.065675816637546,5.467465375162899,4.846224449231369,4.74079432769298,0.3084858811056849,Yes
8.065642026023088,5.467465700856193,4.846224541604023,4.740794315156628,0.3084205734829651,Yes
8.065642026023088,5.467465700856193,4.846224541604023,4.740794315156628,0.30842447363392045,Yes
8.065642026023088,5.467465700856193,4.846224541604023,4.740794315156628,0.308599205552548,Yes
8.065641767276711,5.467505827980735,4.846224431556014,4.740794330091789,0.3083994813199317,Yes
8.065641767276711,5.467505827980735,4.846224431556014,4.740794330091789,0.30848784582437977,Yes
8.065641767276711,5.467505827980735,4.846224431556014,4.740794330091789,0.3084537780614167,Yes
8.06564183155688,5.467505896594575,4.8462144215299086,4.740794326381458,0.3083984626431524,Yes
8.06564183155688,5.467505896594575,4.8462144215299086,4.740794326381458,0.31245633992351207,Yes
8.06564183155688,5.467505896594575,4.8462144215299086,4.740794326381458,0.3119963398280501,Yes
8.065641945309158,5.467506018015861,4.846214476511051,4.740776550766235,0.3083953814875674,Yes
8.065641945309158,5.467506018015861,4.846214476511051,4.740776550766235,0.3086184768464983,Yes
8.065641945309158,5.467506018015861,4.846214476511051,4.740776550766235,0.30855815201581066,Yes
8.065642017485816,5.467506095058559,4.846214511396989,4.740776691507448,0.308394195022545,Yes
8.065559326386142,5.467470813968942,4.846175950829901,4.740756695322347,0.3082659984383046,Yes
8.065559326386142,5.467470813968942,4.846175950829901,4.740756695322347,0.3086891093032557,Yes
8.065537087105154,5.46746132532907,4.846165580194006,4.740751317466921,0.3082599706284592,Yes
8.065542174701104,5.467463496009219,4.84616795264504,4.740752547738507,0.3080870221437094,Yes
8.065542174701104,5.467463496009219,4.84616795264504,4.740752547738507,0.3085763901077522,Yes
8.065545763794404,5.467465027336325,4.8461696263133485,4.740753415645382,0.3080513073870105,Yes
8.065551794593494,5.467467600444725,4.84617243859948,4.740754874000337,0.3080345372750878,Yes
8.065551794593494,5.467467600444725,4.84617243859948,4.740754874000337,0.3081903116748537,Yes
8.06554960659901,5.467466666912219,4.846171418292477,4.740754344904184,0.3080264828756771,Yes
8.065585069306067,5.467468313249242,4.846173217661201,4.7407552779949755,0.3080029647125725,Yes
8.065585069306067,5.467468313249242,4.846173217661201,4.7407552779949755,0.30806706269268597,Yes
8.065616220536452,5.467469759428289,4.846174798266698,4.740756097642674,0.307996360880244,Yes
8.065616220536452,5.467469759428289,4.846174798266698,4.740756097642674,0.3080717906495113,Yes
8.065613548734717,5.467434433182654,4.846172955791373,4.740755142198281,0.3079794375725359,Yes
8.065614111802608,5.467441877999509,4.8461733440831685,4.740755343553063,0.3079781465859871,Yes
8.065614111802608,5.467441877999509,4.8461733440831685,4.740755343553063,0.3080199438292331,Yes
8.065611553021867,5.467441792271751,4.846137833379456,4.74075442852532,0.307966477897352,Yes
8.065611841404998,5.467441801933555,4.8461418355542945,4.740754531652001,0.3079662856916247,Yes
8.065611841404998,5.467441801933555,4.8461418355542945,4.740754531652001,0.3080112997140322,Yes
8.065609278071683,5.467441716053271,4.846140848452785,4.740719028213513,0.3079396594710273,Yes
8.065606847936408,5.467441634635569,4.846139912643857,4.740685369633966,0.3079313940323881,Yes
8.065583505545431,5.467398851591112,4.846090400685609,4.740624758369069,0.30767270497995636,Yes
8.065583505545431,5.467398851591112,4.846090400685609,4.740624758369069,0.3082287240845873,Yes
8.06543890694874,5.467133824405296,4.845783690045329,4.740249291097681,0.3069175513939949,Yes
8.06543890694874,5.467133824405296,4.845783690045329,4.740249291097681,0.3069195106211527,Yes
8.06543890694874,5.467133824405296,4.845783690045329,4.740249291097681,0.3069490093330503,Yes
8.065440213134597,5.46713621844486,4.845786460619244,4.7402526827629545,0.3069142968055812,Yes
8.0654441763149,5.467143482350225,4.84579486699106,4.74026297362696,0.30671280921990407,Yes
8.0654441763149,5.467143482350225,4.84579486699106,4.74026297362696,0.30727303071730916,Yes
8.065447272945976,5.467149158002949,4.845801435309989,4.74027101439393,0.3066647825730676,Yes
8.065447272945976,5.467149158002949,4.845801435309989,4.74027101439393,0.30675902791068277,Yes
8.065440948202527,5.4671375657123225,4.845788019784825,4.740254591453327,0.30666168520662707,Yes
8.06544389564848,5.467142967931458,4.845794271664551,4.740262244843571,0.30665180054705354,Yes
8.065475299338399,5.467148222240481,4.845800352370875,4.740269688687741,0.30664492819900196,Yes
8.065475299338399,5.467148222240481,4.845800352370875,4.740269688687741,0.306690018673226,Yes
8.065466482538257,5.4671467470573845,4.8457986451711,4.740267598777717,0.3066436960493357,Yes
8.065466482538257,5.4671467470573845,4.8457986451711,4.740267598777717,0.30679504787930384,Yes
8.065467053892787,5.467113728580996,4.845793262950989,4.740261010002392,0.30655454996845544,Yes
8.065467587014714,5.467082919559867,4.845788240886036,4.740254862119739,0.306527320944257,Yes
8.065467587014714,5.467082919559867,4.845788240886036,4.740254862119739,0.30657264871438566,Yes
8.065468108488586,5.467081926975981,4.845754185248874,4.740248848560739,0.3065084873498012,Yes
8.06546821844548,5.467081717681813,4.845747004348257,4.7402475805542315,0.30650790817666995,Yes
8.065449701915878,5.467033644123408,4.845694524186655,4.740189105734766,0.3064329136049084,Yes
8.065449701915878,5.467033644123408,4.845694524186655,4.740189105734766,0.30660902430414244,Yes
8.065405799518143,5.466919662479606,4.845570094556629,4.74005046286611,0.3063620843615075,Yes
8.065405799518143,5.466919662479606,4.845570094556629,4.74005046286611,0.3239994144757261,Yes
8.065405799518143,5.466919662479606,4.845570094556629,4.74005046286611,0.3236806835134633,Yes
8.065405799518143,5.466919662479606,4.845570094556629,4.74005046286611,0.3063633383695795,Yes
8.065405799518143,5.466919662479606,4.845570094556629,4.74005046286611,0.3068483211568196,Yes
8.065405799518143,5.466919662479606,4.845570094556629,4.74005046286611,0.30718567576932143,Yes
8.065404977384755,5.4669175280149815,4.845567764438946,4.740035289951673,0.30635284395397533,Yes
8.065404977384755,5.4669175280149815,4.845567764438946,4.740035289951673,0.3063889085643507,Yes
8.065404977384755,5.4669175280149815,4.845567764438946,4.740035289951673,0.3067478504662563,Yes
8.065404184379627,5.4669154691746265,4.84556551687754,4.740027895929681,0.30631548439684075,Yes
8.065404184379627,5.4669154691746265,4.84556551687754,4.740027895929681,0.3067427746295398,Yes
8.065404184379627,5.4669154691746265,4.84556551687754,4.740027895929681,0.306386784248794,Yes
8.065404822681623,5.466917126366822,4.845567325974205,4.740033847491446,0.30628377522972583,Yes
8.06547871287044,5.466911834444452,4.845561548974323,4.740014842331435,0.3062533250066285,Yes
8.06547871287044,5.466911834444452,4.845561548974323,4.740014842331435,0.3063542925199203,Yes
8.06549792294029,5.466910458643415,4.845560047062188,4.740009901344584,0.30625197695534373,Yes
8.06549792294029,5.466910458643415,4.845560047062188,4.740009901344584,0.3065109749775689,Yes
8.06549488022239,5.466837241447387,4.845566469287363,4.74003102916518,0.3061547834898432,Yes
8.065494573868307,5.466829869621362,4.8455671159049505,4.740033156406131,0.3061537215443454,Yes
8.065501604319786,5.466762687790104,4.8455191296904765,4.739975957605752,0.30615041918324626,Yes
8.065501604319786,5.466762687790104,4.8455191296904765,4.739975957605752,0.3061949000606895,Yes
8.065498702067812,5.466790421229844,4.8455389389568,4.73999956993447,0.3061471961319818,Yes
8.065498702067812,5.466790421229844,4.8455389389568,4.73999956993447,0.3063943176173781,Yes
8.065497704484239,5.466799953973431,4.845464892800229,4.7400076861392115,0.30602585831799006,Yes
8.06549724095231,5.46680438340786,4.845430486903096,4.7400114573721615,0.30601462181562067,Yes
8.06549724095231,5.46680438340786,4.845430486903096,4.7400114573721615,0.30608394700767283,Yes
8.06549724095231,5.46680438340786,4.845430486903096,4.7400114573721615,0.3060866447232605,Yes
8.065497251774692,5.466804279990953,4.845430499683685,4.740012159839147,0.3060146169208355,Yes
8.065497251774692,5.466804279990953,4.845430499683685,4.740012159839147,0.30899788096197317,Yes
8.065497251774692,5.466804279990953,4.845430499683685,4.740012159839147,0.30824747677776043,Yes
8.065496829132993,5.466808318685118,4.845430000569068,4.740022525246398,0.3059953017753316,Yes
8.065496829132993,5.466808318685118,4.845430000569068,4.740022525246398,0.30677708458108566,Yes
8.065496829132993,5.466808318685118,4.845430000569068,4.740022525246398,0.30677708458108566,Yes